1, 61440, Note_on_c, 0, 57, 60
1, 61440, Note_on_c, 0, 53, 60
1, 61440, Note_on_c, 0, 48, 60
1, 67200, Note_off_c, 0, 57, 60
1, 67200, Note_off_c, 0, 53, 60
1, 67200, Note_off_c, 0, 48, 60
1, 69120, Note_on_c, 0, 57, 60
1, 69120, Note_on_c, 0, 53, 60
1, 69120, Note_on_c, 0, 48, 60
1, 74880, Note_off_c, 0, 57, 60
1, 74880, Note_off_c, 0, 53, 60
1, 74880, Note_off_c, 0, 48, 60
1, 76800, Note_on_c, 0, 60, 60
1, 76800, Note_on_c, 0, 53, 60
1, 76800, Note_on_c, 0, 48, 60
1, 82560, Note_off_c, 0, 60, 60
1, 82560, Note_off_c, 0, 53, 60
1, 82560, Note_off_c, 0, 48, 60
1, 84480, Note_on_c, 0, 60, 60
1, 84480, Note_on_c, 0, 53, 60
1, 84480, Note_on_c, 0, 48, 60
1, 90240, Note_off_c, 0, 60, 60
1, 90240, Note_off_c, 0, 53, 60
1, 90240, Note_off_c, 0, 48, 60
1, 188160, Note_on_c, 0, 57, 60
1, 188160, Note_on_c, 0, 53, 60
1, 188160, Note_on_c, 0, 48, 60
1, 193920, Note_on_c, 0, 58, 54
1, 193920, Note_off_c, 0, 57, 60
1, 193920, Note_on_c, 0, 54, 54
1, 193920, Note_off_c, 0, 53, 60
1, 193920, Note_off_c, 0, 48, 60
1, 193920, Note_on_c, 0, 48, 54
1, 195840, Note_off_c, 0, 58, 54
1, 195840, Note_on_c, 0, 57, 60
1, 195840, Note_off_c, 0, 54, 54
1, 195840, Note_on_c, 0, 53, 60
1, 195840, Note_off_c, 0, 48, 54
1, 195840, Note_on_c, 0, 48, 60
1, 201600, Note_off_c, 0, 57, 60
1, 201600, Note_on_c, 0, 54, 54
1, 201600, Note_off_c, 0, 53, 60
1, 201600, Note_on_c, 0, 49, 54
1, 201600, Note_off_c, 0, 48, 60
1, 201600, Note_on_c, 0, 46, 54
1, 203520, Note_on_c, 0, 60, 60
1, 203520, Note_off_c, 0, 54, 54
1, 203520, Note_on_c, 0, 53, 60
1, 203520, Note_off_c, 0, 49, 54
1, 203520, Note_on_c, 0, 48, 60
1, 203520, Note_off_c, 0, 46, 54
1, 209280, Note_on_c, 0, 63, 54
1, 209280, Note_off_c, 0, 60, 60
1, 209280, Note_on_c, 0, 54, 54
1, 209280, Note_off_c, 0, 53, 60
1, 209280, Note_off_c, 0, 48, 60
1, 209280, Note_on_c, 0, 44, 54
1, 211200, Note_off_c, 0, 63, 54
1, 211200, Note_on_c, 0, 60, 60
1, 211200, Note_off_c, 0, 54, 54
1, 211200, Note_on_c, 0, 53, 60
1, 211200, Note_on_c, 0, 48, 60
1, 211200, Note_off_c, 0, 44, 54
1, 216960, Note_on_c, 0, 63, 54
1, 216960, Note_off_c, 0, 60, 60
1, 216960, Note_on_c, 0, 54, 54
1, 216960, Note_off_c, 0, 53, 60
1, 216960, Note_off_c, 0, 48, 60
1, 216960, Note_on_c, 0, 44, 54
1, 218880, Note_off_c, 0, 63, 54
1, 218880, Note_off_c, 0, 54, 54
1, 218880, Note_off_c, 0, 44, 54
1, 218880, Note_on_c, 0, 57, 60
1, 218880, Note_on_c, 0, 53, 60
1, 218880, Note_on_c, 0, 48, 60
1, 224640, Note_on_c, 0, 58, 54
1, 224640, Note_off_c, 0, 57, 60
1, 224640, Note_on_c, 0, 54, 54
1, 224640, Note_off_c, 0, 53, 60
1, 224640, Note_off_c, 0, 48, 60
1, 224640, Note_on_c, 0, 48, 54
1, 226560, Note_off_c, 0, 58, 54
1, 226560, Note_on_c, 0, 57, 60
1, 226560, Note_off_c, 0, 54, 54
1, 226560, Note_on_c, 0, 53, 60
1, 226560, Note_off_c, 0, 48, 54
1, 226560, Note_on_c, 0, 48, 60
1, 232320, Note_off_c, 0, 57, 60
1, 232320, Note_on_c, 0, 54, 54
1, 232320, Note_off_c, 0, 53, 60
1, 232320, Note_on_c, 0, 49, 54
1, 232320, Note_off_c, 0, 48, 60
1, 232320, Note_on_c, 0, 46, 54
1, 234240, Note_on_c, 0, 60, 60
1, 234240, Note_off_c, 0, 54, 54
1, 234240, Note_on_c, 0, 53, 60
1, 234240, Note_off_c, 0, 49, 54
1, 234240, Note_on_c, 0, 48, 60
1, 234240, Note_off_c, 0, 46, 54
1, 240000, Note_on_c, 0, 63, 54
1, 240000, Note_off_c, 0, 60, 60
1, 240000, Note_on_c, 0, 54, 54
1, 240000, Note_off_c, 0, 53, 60
1, 240000, Note_off_c, 0, 48, 60
1, 240000, Note_on_c, 0, 44, 54
1, 241920, Note_off_c, 0, 63, 54
1, 241920, Note_on_c, 0, 60, 60
1, 241920, Note_off_c, 0, 54, 54
1, 241920, Note_on_c, 0, 53, 60
1, 241920, Note_on_c, 0, 48, 60
1, 241920, Note_off_c, 0, 44, 54
1, 247680, Note_on_c, 0, 63, 54
1, 247680, Note_off_c, 0, 60, 60
1, 247680, Note_on_c, 0, 54, 54
1, 247680, Note_off_c, 0, 53, 60
1, 247680, Note_off_c, 0, 48, 60
1, 247680, Note_on_c, 0, 44, 54
1, 249600, Note_off_c, 0, 63, 54
1, 249600, Note_off_c, 0, 54, 54
1, 249600, Note_off_c, 0, 44, 54
1, 249601, End_track
2, 0, Start_track
2, 0, Title_t, "FM Balafon"
2, 92160, Note_on_c, 0, 57, 60
2, 92160, Note_on_c, 0, 53, 60
2, 92160, Note_on_c, 0, 48, 60
2, 97920, Note_on_c, 0, 58, 54
2, 97920, Note_off_c, 0, 57, 60
2, 97920, Note_on_c, 0, 54, 54
2, 97920, Note_off_c, 0, 53, 60
2, 97920, Note_off_c, 0, 48, 60
2, 97920, Note_on_c, 0, 48, 54
2, 99840, Note_off_c, 0, 58, 54
2, 99840, Note_on_c, 0, 57, 60
2, 99840, Note_off_c, 0, 54, 54
2, 99840, Note_on_c, 0, 53, 60
2, 99840, Note_off_c, 0, 48, 54
2, 99840, Note_on_c, 0, 48, 60
2, 105600, Note_off_c, 0, 57, 60
2, 105600, Note_on_c, 0, 54, 54
2, 105600, Note_off_c, 0, 53, 60
2, 105600, Note_on_c, 0, 49, 54
2, 105600, Note_off_c, 0, 48, 60
2, 105600, Note_on_c, 0, 46, 54
2, 107520, Note_on_c, 0, 60, 60
2, 107520, Note_off_c, 0, 54, 54
2, 107520, Note_on_c, 0, 53, 60
2, 107520, Note_off_c, 0, 49, 54
2, 107520, Note_on_c, 0, 48, 60
2, 107520, Note_off_c, 0, 46, 54
2, 113280, Note_on_c, 0, 63, 54
2, 113280, Note_off_c, 0, 60, 60
2, 113280, Note_on_c, 0, 54, 54
2, 113280, Note_off_c, 0, 53, 60
2, 113280, Note_off_c, 0, 48, 60
2, 113280, Note_on_c, 0, 44, 54
2, 115200, Note_off_c, 0, 63, 54
2, 115200, Note_on_c, 0, 60, 60
2, 115200, Note_off_c, 0, 54, 54
2, 115200, Note_on_c, 0, 53, 60
2, 115200, Note_on_c, 0, 48, 60
2, 115200, Note_off_c, 0, 44, 54
2, 120960, Note_on_c, 0, 63, 54
2, 120960, Note_off_c, 0, 60, 60
2, 120960, Note_on_c, 0, 54, 54
2, 120960, Note_off_c, 0, 53, 60
2, 120960, Note_off_c, 0, 48, 60
2, 120960, Note_on_c, 0, 44, 54
2, 122880, Note_off_c, 0, 63, 54
2, 122880, Note_off_c, 0, 54, 54
2, 122880, Note_off_c, 0, 44, 54
2, 188160, Note_on_c, 0, 57, 60
2, 188160, Note_on_c, 0, 53, 60
2, 188160, Note_on_c, 0, 48, 60
2, 193920, Note_on_c, 0, 58, 54
2, 193920, Note_off_c, 0, 57, 60
2, 193920, Note_on_c, 0, 54, 54
2, 193920, Note_off_c, 0, 53, 60
2, 193920, Note_off_c, 0, 48, 60
2, 193920, Note_on_c, 0, 48, 54
2, 195840, Note_off_c, 0, 58, 54
2, 195840, Note_on_c, 0, 57, 60
2, 195840, Note_off_c, 0, 54, 54
2, 195840, Note_on_c, 0, 53, 60
2, 195840, Note_off_c, 0, 48, 54
2, 195840, Note_on_c, 0, 48, 60
2, 201600, Note_off_c, 0, 57, 60
2, 201600, Note_on_c, 0, 54, 54
2, 201600, Note_off_c, 0, 53, 60
2, 201600, Note_on_c, 0, 49, 54
2, 201600, Note_off_c, 0, 48, 60
2, 201600, Note_on_c, 0, 46, 54
2, 203520, Note_on_c, 0, 60, 60
2, 203520, Note_off_c, 0, 54, 54
2, 203520, Note_on_c, 0, 53, 60
2, 203520, Note_off_c, 0, 49, 54
2, 203520, Note_on_c, 0, 48, 60
2, 203520, Note_off_c, 0, 46, 54
2, 209280, Note_on_c, 0, 63, 54
2, 209280, Note_off_c, 0, 60, 60
2, 209280, Note_on_c, 0, 54, 54
2, 209280, Note_off_c, 0, 53, 60
2, 209280, Note_off_c, 0, 48, 60
2, 209280, Note_on_c, 0, 44, 54
2, 211200, Note_off_c, 0, 63, 54
2, 211200, Note_on_c, 0, 60, 60
2, 211200, Note_off_c, 0, 54, 54
2, 211200, Note_on_c, 0, 53, 60
2, 211200, Note_on_c, 0, 48, 60
2, 211200, Note_off_c, 0, 44, 54
2, 216960, Note_on_c, 0, 63, 54
2, 216960, Note_off_c, 0, 60, 60
2, 216960, Note_on_c, 0, 54, 54
2, 216960, Note_off_c, 0, 53, 60
2, 216960, Note_off_c, 0, 48, 60
2, 216960, Note_on_c, 0, 44, 54
2, 218880, Note_off_c, 0, 63, 54
2, 218880, Note_off_c, 0, 54, 54
2, 218880, Note_off_c, 0, 44, 54
2, 218880, Note_on_c, 0, 57, 60
2, 218880, Note_on_c, 0, 53, 60
2, 218880, Note_on_c, 0, 48, 60
2, 224640, Note_on_c, 0, 58, 54
2, 224640, Note_off_c, 0, 57, 60
2, 224640, Note_on_c, 0, 54, 54
2, 224640, Note_off_c, 0, 53, 60
2, 224640, Note_off_c, 0, 48, 60
2, 224640, Note_on_c, 0, 48, 54
2, 226560, Note_off_c, 0, 58, 54
2, 226560, Note_on_c, 0, 57, 60
2, 226560, Note_off_c, 0, 54, 54
2, 226560, Note_on_c, 0, 53, 60
2, 226560, Note_off_c, 0, 48, 54
2, 226560, Note_on_c, 0, 48, 60
2, 232320, Note_off_c, 0, 57, 60
2, 232320, Note_on_c, 0, 54, 54
2, 232320, Note_off_c, 0, 53, 60
2, 232320, Note_on_c, 0, 49, 54
2, 232320, Note_off_c, 0, 48, 60
2, 232320, Note_on_c, 0, 46, 54
2, 234240, Note_on_c, 0, 60, 60
2, 234240, Note_off_c, 0, 54, 54
2, 234240, Note_on_c, 0, 53, 60
2, 234240, Note_off_c, 0, 49, 54
2, 234240, Note_on_c, 0, 48, 60
2, 234240, Note_off_c, 0, 46, 54
2, 240000, Note_on_c, 0, 63, 54
2, 240000, Note_off_c, 0, 60, 60
2, 240000, Note_on_c, 0, 54, 54
2, 240000, Note_off_c, 0, 53, 60
2, 240000, Note_off_c, 0, 48, 60
2, 240000, Note_on_c, 0, 44, 54
2, 241920, Note_off_c, 0, 63, 54
2, 241920, Note_on_c, 0, 60, 60
2, 241920, Note_off_c, 0, 54, 54
2, 241920, Note_on_c, 0, 53, 60
2, 241920, Note_on_c, 0, 48, 60
2, 241920, Note_off_c, 0, 44, 54
2, 247680, Note_on_c, 0, 63, 54
2, 247680, Note_off_c, 0, 60, 60
2, 247680, Note_on_c, 0, 54, 54
2, 247680, Note_off_c, 0, 53, 60
2, 247680, Note_off_c, 0, 48, 60
2, 247680, Note_on_c, 0, 44, 54
2, 249600, Note_off_c, 0, 63, 54
2, 249600, Note_off_c, 0, 54, 54
2, 249600, Note_off_c, 0, 44, 54
2, 249601, End_track
3, 0, Start_track
3, 0, Title_t, "Deep Pocket"
3, 61440, Note_on_c, 0, 48, 60
3, 61680, Note_on_c, 0, 53, 60
3, 61680, Note_off_c, 0, 48, 60
3, 61920, Note_off_c, 0, 53, 60
3, 61920, Note_on_c, 0, 48, 60
3, 62160, Note_on_c, 0, 53, 60
3, 62160, Note_off_c, 0, 48, 60
3, 62400, Note_off_c, 0, 53, 60
3, 62400, Note_on_c, 0, 48, 60
3, 62640, Note_on_c, 0, 53, 60
3, 62640, Note_off_c, 0, 48, 60
3, 62880, Note_off_c, 0, 53, 60
3, 62880, Note_on_c, 0, 48, 60
3, 63120, Note_on_c, 0, 53, 60
3, 63120, Note_off_c, 0, 48, 60
3, 63360, Note_off_c, 0, 53, 60
3, 63360, Note_on_c, 0, 48, 60
3, 63600, Note_on_c, 0, 53, 60
3, 63600, Note_off_c, 0, 48, 60
3, 63840, Note_off_c, 0, 53, 60
3, 63840, Note_on_c, 0, 48, 60
3, 64080, Note_on_c, 0, 53, 60
3, 64080, Note_off_c, 0, 48, 60
3, 64320, Note_off_c, 0, 53, 60
3, 64320, Note_on_c, 0, 48, 60
3, 64560, Note_on_c, 0, 53, 60
3, 64560, Note_off_c, 0, 48, 60
3, 64800, Note_off_c, 0, 53, 60
3, 64800, Note_on_c, 0, 48, 60
3, 65040, Note_on_c, 0, 53, 60
3, 65040, Note_off_c, 0, 48, 60
3, 65280, Note_off_c, 0, 53, 60
3, 65280, Note_on_c, 0, 48, 60
3, 65520, Note_on_c, 0, 53, 60
3, 65520, Note_off_c, 0, 48, 60
3, 65760, Note_off_c, 0, 53, 60
3, 65760, Note_on_c, 0, 48, 60
3, 66000, Note_on_c, 0, 53, 60
3, 66000, Note_off_c, 0, 48, 60
3, 66240, Note_off_c, 0, 53, 60
3, 66240, Note_on_c, 0, 48, 60
3, 66480, Note_on_c, 0, 53, 60
3, 66480, Note_off_c, 0, 48, 60
3, 66720, Note_off_c, 0, 53, 60
3, 66720, Note_on_c, 0, 48, 60
3, 66960, Note_on_c, 0, 53, 60
3, 66960, Note_off_c, 0, 48, 60
3, 67200, Note_off_c, 0, 53, 60
3, 67200, Note_on_c, 0, 48, 54
3, 67440, Note_on_c, 0, 58, 54
3, 67440, Note_off_c, 0, 48, 54
3, 67680, Note_off_c, 0, 58, 54
3, 67680, Note_on_c, 0, 54, 54
3, 67920, Note_off_c, 0, 54, 54
3, 67920, Note_on_c, 0, 48, 54
3, 68160, Note_on_c, 0, 58, 54
3, 68160, Note_off_c, 0, 48, 54
3, 68400, Note_off_c, 0, 58, 54
3, 68400, Note_on_c, 0, 54, 54
3, 68640, Note_off_c, 0, 54, 54
3, 68640, Note_on_c, 0, 48, 54
3, 68880, Note_on_c, 0, 58, 54
3, 68880, Note_off_c, 0, 48, 54
3, 69120, Note_off_c, 0, 58, 54
3, 69120, Note_on_c, 0, 48, 60
3, 69360, Note_on_c, 0, 53, 60
3, 69360, Note_off_c, 0, 48, 60
3, 69600, Note_off_c, 0, 53, 60
3, 69600, Note_on_c, 0, 48, 60
3, 69840, Note_on_c, 0, 53, 60
3, 69840, Note_off_c, 0, 48, 60
3, 70080, Note_off_c, 0, 53, 60
3, 70080, Note_on_c, 0, 48, 60
3, 70320, Note_on_c, 0, 53, 60
3, 70320, Note_off_c, 0, 48, 60
3, 70560, Note_off_c, 0, 53, 60
3, 70560, Note_on_c, 0, 48, 60
3, 70800, Note_on_c, 0, 53, 60
3, 70800, Note_off_c, 0, 48, 60
3, 71040, Note_off_c, 0, 53, 60
3, 71040, Note_on_c, 0, 48, 60
3, 71280, Note_on_c, 0, 53, 60
3, 71280, Note_off_c, 0, 48, 60
3, 71520, Note_off_c, 0, 53, 60
3, 71520, Note_on_c, 0, 48, 60
3, 71760, Note_on_c, 0, 53, 60
3, 71760, Note_off_c, 0, 48, 60
3, 72000, Note_off_c, 0, 53, 60
3, 72000, Note_on_c, 0, 48, 60
3, 72240, Note_on_c, 0, 53, 60
3, 72240, Note_off_c, 0, 48, 60
3, 72480, Note_off_c, 0, 53, 60
3, 72480, Note_on_c, 0, 48, 60
3, 72720, Note_on_c, 0, 53, 60
3, 72720, Note_off_c, 0, 48, 60
3, 72960, Note_off_c, 0, 53, 60
3, 72960, Note_on_c, 0, 48, 60
3, 73200, Note_on_c, 0, 53, 60
3, 73200, Note_off_c, 0, 48, 60
3, 73440, Note_off_c, 0, 53, 60
3, 73440, Note_on_c, 0, 48, 60
3, 73680, Note_on_c, 0, 53, 60
3, 73680, Note_off_c, 0, 48, 60
3, 73920, Note_off_c, 0, 53, 60
3, 73920, Note_on_c, 0, 48, 60
3, 74160, Note_on_c, 0, 53, 60
3, 74160, Note_off_c, 0, 48, 60
3, 74400, Note_off_c, 0, 53, 60
3, 74400, Note_on_c, 0, 48, 60
3, 74640, Note_on_c, 0, 53, 60
3, 74640, Note_off_c, 0, 48, 60
3, 74880, Note_off_c, 0, 53, 60
3, 74880, Note_on_c, 0, 46, 54
3, 75120, Note_on_c, 0, 49, 54
3, 75120, Note_off_c, 0, 46, 54
3, 75360, Note_on_c, 0, 54, 54
3, 75360, Note_off_c, 0, 49, 54
3, 75600, Note_off_c, 0, 54, 54
3, 75600, Note_on_c, 0, 46, 54
3, 75840, Note_on_c, 0, 49, 54
3, 75840, Note_off_c, 0, 46, 54
3, 76080, Note_on_c, 0, 54, 54
3, 76080, Note_off_c, 0, 49, 54
3, 76320, Note_off_c, 0, 54, 54
3, 76320, Note_on_c, 0, 46, 54
3, 76560, Note_on_c, 0, 49, 54
3, 76560, Note_off_c, 0, 46, 54
3, 76800, Note_off_c, 0, 49, 54
3, 76800, Note_on_c, 0, 43, 60
3, 77040, Note_on_c, 0, 60, 60
3, 77040, Note_off_c, 0, 43, 60
3, 77280, Note_on_c, 0, 65, 60
3, 77280, Note_off_c, 0, 60, 60
3, 77520, Note_off_c, 0, 65, 60
3, 77520, Note_on_c, 0, 43, 60
3, 77760, Note_on_c, 0, 60, 60
3, 77760, Note_off_c, 0, 43, 60
3, 78000, Note_on_c, 0, 65, 60
3, 78000, Note_off_c, 0, 60, 60
3, 78240, Note_off_c, 0, 65, 60
3, 78240, Note_on_c, 0, 43, 60
3, 78480, Note_on_c, 0, 60, 60
3, 78480, Note_off_c, 0, 43, 60
3, 78720, Note_on_c, 0, 65, 60
3, 78720, Note_off_c, 0, 60, 60
3, 78960, Note_off_c, 0, 65, 60
3, 78960, Note_on_c, 0, 43, 60
3, 79200, Note_on_c, 0, 60, 60
3, 79200, Note_off_c, 0, 43, 60
3, 79440, Note_on_c, 0, 65, 60
3, 79440, Note_off_c, 0, 60, 60
3, 79680, Note_off_c, 0, 65, 60
3, 79680, Note_on_c, 0, 43, 60
3, 79920, Note_on_c, 0, 60, 60
3, 79920, Note_off_c, 0, 43, 60
3, 80160, Note_on_c, 0, 65, 60
3, 80160, Note_off_c, 0, 60, 60
3, 80400, Note_off_c, 0, 65, 60
3, 80400, Note_on_c, 0, 43, 60
3, 80640, Note_on_c, 0, 60, 60
3, 80640, Note_off_c, 0, 43, 60
3, 80880, Note_on_c, 0, 65, 60
3, 80880, Note_off_c, 0, 60, 60
3, 81120, Note_off_c, 0, 65, 60
3, 81120, Note_on_c, 0, 43, 60
3, 81360, Note_on_c, 0, 60, 60
3, 81360, Note_off_c, 0, 43, 60
3, 81600, Note_on_c, 0, 65, 60
3, 81600, Note_off_c, 0, 60, 60
3, 81840, Note_off_c, 0, 65, 60
3, 81840, Note_on_c, 0, 43, 60
3, 82080, Note_on_c, 0, 60, 60
3, 82080, Note_off_c, 0, 43, 60
3, 82320, Note_on_c, 0, 65, 60
3, 82320, Note_off_c, 0, 60, 60
3, 82560, Note_off_c, 0, 65, 60
3, 82560, Note_on_c, 0, 54, 54
3, 82800, Note_on_c, 0, 56, 54
3, 82800, Note_off_c, 0, 54, 54
3, 83040, Note_on_c, 0, 61, 54
3, 83040, Note_off_c, 0, 56, 54
3, 83280, Note_off_c, 0, 61, 54
3, 83280, Note_on_c, 0, 54, 54
3, 83520, Note_on_c, 0, 56, 54
3, 83520, Note_off_c, 0, 54, 54
3, 83760, Note_on_c, 0, 61, 54
3, 83760, Note_off_c, 0, 56, 54
3, 84000, Note_off_c, 0, 61, 54
3, 84000, Note_on_c, 0, 54, 54
3, 84240, Note_on_c, 0, 56, 54
3, 84240, Note_off_c, 0, 54, 54
3, 84480, Note_on_c, 0, 60, 60
3, 84480, Note_off_c, 0, 56, 54
3, 84720, Note_off_c, 0, 60, 60
3, 84720, Note_on_c, 0, 53, 60
3, 84960, Note_on_c, 0, 60, 60
3, 84960, Note_off_c, 0, 53, 60
3, 85200, Note_off_c, 0, 60, 60
3, 85200, Note_on_c, 0, 53, 60
3, 85440, Note_on_c, 0, 60, 60
3, 85440, Note_off_c, 0, 53, 60
3, 85680, Note_off_c, 0, 60, 60
3, 85680, Note_on_c, 0, 53, 60
3, 85920, Note_on_c, 0, 60, 60
3, 85920, Note_off_c, 0, 53, 60
3, 86160, Note_off_c, 0, 60, 60
3, 86160, Note_on_c, 0, 53, 60
3, 86400, Note_on_c, 0, 60, 60
3, 86400, Note_off_c, 0, 53, 60
3, 86640, Note_off_c, 0, 60, 60
3, 86640, Note_on_c, 0, 53, 60
3, 86880, Note_on_c, 0, 60, 60
3, 86880, Note_off_c, 0, 53, 60
3, 87120, Note_off_c, 0, 60, 60
3, 87120, Note_on_c, 0, 53, 60
3, 87360, Note_on_c, 0, 60, 60
3, 87360, Note_off_c, 0, 53, 60
3, 87600, Note_off_c, 0, 60, 60
3, 87600, Note_on_c, 0, 53, 60
3, 87840, Note_on_c, 0, 60, 60
3, 87840, Note_off_c, 0, 53, 60
3, 88080, Note_off_c, 0, 60, 60
3, 88080, Note_on_c, 0, 53, 60
3, 88320, Note_on_c, 0, 60, 60
3, 88320, Note_off_c, 0, 53, 60
3, 88560, Note_off_c, 0, 60, 60
3, 88560, Note_on_c, 0, 53, 60
3, 88800, Note_on_c, 0, 60, 60
3, 88800, Note_off_c, 0, 53, 60
3, 89040, Note_off_c, 0, 60, 60
3, 89040, Note_on_c, 0, 53, 60
3, 89280, Note_on_c, 0, 60, 60
3, 89280, Note_off_c, 0, 53, 60
3, 89520, Note_off_c, 0, 60, 60
3, 89520, Note_on_c, 0, 53, 60
3, 89760, Note_on_c, 0, 60, 60
3, 89760, Note_off_c, 0, 53, 60
3, 90000, Note_off_c, 0, 60, 60
3, 90000, Note_on_c, 0, 53, 60
3, 90240, Note_off_c, 0, 53, 60
3, 90240, Note_on_c, 0, 44, 54
3, 90480, Note_on_c, 0, 54, 54
3, 90480, Note_off_c, 0, 44, 54
3, 90720, Note_on_c, 0, 63, 54
3, 90720, Note_off_c, 0, 54, 54
3, 90960, Note_off_c, 0, 63, 54
3, 90960, Note_on_c, 0, 54, 54
3, 91200, Note_off_c, 0, 54, 54
3, 91200, Note_on_c, 0, 44, 54
3, 91440, Note_on_c, 0, 54, 54
3, 91440, Note_off_c, 0, 44, 54
3, 91680, Note_on_c, 0, 63, 54
3, 91680, Note_off_c, 0, 54, 54
3, 91920, Note_off_c, 0, 63, 54
3, 91920, Note_on_c, 0, 54, 54
3, 92160, Note_off_c, 0, 54, 54
3, 92160, Note_on_c, 0, 48, 60
3, 92400, Note_on_c, 0, 53, 60
3, 92400, Note_off_c, 0, 48, 60
3, 92640, Note_off_c, 0, 53, 60
3, 92640, Note_on_c, 0, 48, 60
3, 92880, Note_on_c, 0, 53, 60
3, 92880, Note_off_c, 0, 48, 60
3, 93120, Note_off_c, 0, 53, 60
3, 93120, Note_on_c, 0, 48, 60
3, 93360, Note_on_c, 0, 53, 60
3, 93360, Note_off_c, 0, 48, 60
3, 93600, Note_off_c, 0, 53, 60
3, 93600, Note_on_c, 0, 48, 60
3, 93840, Note_on_c, 0, 53, 60
3, 93840, Note_off_c, 0, 48, 60
3, 94080, Note_off_c, 0, 53, 60
3, 94080, Note_on_c, 0, 48, 60
3, 94320, Note_on_c, 0, 53, 60
3, 94320, Note_off_c, 0, 48, 60
3, 94560, Note_off_c, 0, 53, 60
3, 94560, Note_on_c, 0, 48, 60
3, 94800, Note_on_c, 0, 53, 60
3, 94800, Note_off_c, 0, 48, 60
3, 95040, Note_off_c, 0, 53, 60
3, 95040, Note_on_c, 0, 48, 60
3, 95280, Note_on_c, 0, 53, 60
3, 95280, Note_off_c, 0, 48, 60
3, 95520, Note_off_c, 0, 53, 60
3, 95520, Note_on_c, 0, 48, 60
3, 95760, Note_on_c, 0, 53, 60
3, 95760, Note_off_c, 0, 48, 60
3, 96000, Note_off_c, 0, 53, 60
3, 96000, Note_on_c, 0, 48, 60
3, 96240, Note_on_c, 0, 53, 60
3, 96240, Note_off_c, 0, 48, 60
3, 96480, Note_off_c, 0, 53, 60
3, 96480, Note_on_c, 0, 48, 60
3, 96720, Note_on_c, 0, 53, 60
3, 96720, Note_off_c, 0, 48, 60
3, 96960, Note_off_c, 0, 53, 60
3, 96960, Note_on_c, 0, 48, 60
3, 97200, Note_on_c, 0, 53, 60
3, 97200, Note_off_c, 0, 48, 60
3, 97440, Note_off_c, 0, 53, 60
3, 97440, Note_on_c, 0, 48, 60
3, 97680, Note_on_c, 0, 53, 60
3, 97680, Note_off_c, 0, 48, 60
3, 97920, Note_off_c, 0, 53, 60
3, 97920, Note_on_c, 0, 48, 54
3, 98160, Note_on_c, 0, 58, 54
3, 98160, Note_off_c, 0, 48, 54
3, 98400, Note_off_c, 0, 58, 54
3, 98400, Note_on_c, 0, 54, 54
3, 98640, Note_off_c, 0, 54, 54
3, 98640, Note_on_c, 0, 48, 54
3, 98880, Note_on_c, 0, 58, 54
3, 98880, Note_off_c, 0, 48, 54
3, 99120, Note_off_c, 0, 58, 54
3, 99120, Note_on_c, 0, 54, 54
3, 99360, Note_off_c, 0, 54, 54
3, 99360, Note_on_c, 0, 48, 54
3, 99600, Note_on_c, 0, 58, 54
3, 99600, Note_off_c, 0, 48, 54
3, 99840, Note_off_c, 0, 58, 54
3, 99840, Note_on_c, 0, 48, 60
3, 100080, Note_on_c, 0, 53, 60
3, 100080, Note_off_c, 0, 48, 60
3, 100320, Note_off_c, 0, 53, 60
3, 100320, Note_on_c, 0, 48, 60
3, 100560, Note_on_c, 0, 53, 60
3, 100560, Note_off_c, 0, 48, 60
3, 100800, Note_off_c, 0, 53, 60
3, 100800, Note_on_c, 0, 48, 60
3, 101040, Note_on_c, 0, 53, 60
3, 101040, Note_off_c, 0, 48, 60
3, 101280, Note_off_c, 0, 53, 60
3, 101280, Note_on_c, 0, 48, 60
3, 101520, Note_on_c, 0, 53, 60
3, 101520, Note_off_c, 0, 48, 60
3, 101760, Note_off_c, 0, 53, 60
3, 101760, Note_on_c, 0, 48, 60
3, 102000, Note_on_c, 0, 53, 60
3, 102000, Note_off_c, 0, 48, 60
3, 102240, Note_off_c, 0, 53, 60
3, 102240, Note_on_c, 0, 48, 60
3, 102480, Note_on_c, 0, 53, 60
3, 102480, Note_off_c, 0, 48, 60
3, 102720, Note_off_c, 0, 53, 60
3, 102720, Note_on_c, 0, 48, 60
3, 102960, Note_on_c, 0, 53, 60
3, 102960, Note_off_c, 0, 48, 60
3, 103200, Note_off_c, 0, 53, 60
3, 103200, Note_on_c, 0, 48, 60
3, 103440, Note_on_c, 0, 53, 60
3, 103440, Note_off_c, 0, 48, 60
3, 103680, Note_off_c, 0, 53, 60
3, 103680, Note_on_c, 0, 48, 60
3, 103920, Note_on_c, 0, 53, 60
3, 103920, Note_off_c, 0, 48, 60
3, 104160, Note_off_c, 0, 53, 60
3, 104160, Note_on_c, 0, 48, 60
3, 104400, Note_on_c, 0, 53, 60
3, 104400, Note_off_c, 0, 48, 60
3, 104640, Note_off_c, 0, 53, 60
3, 104640, Note_on_c, 0, 48, 60
3, 104880, Note_on_c, 0, 53, 60
3, 104880, Note_off_c, 0, 48, 60
3, 105120, Note_off_c, 0, 53, 60
3, 105120, Note_on_c, 0, 48, 60
3, 105360, Note_on_c, 0, 53, 60
3, 105360, Note_off_c, 0, 48, 60
3, 105600, Note_off_c, 0, 53, 60
3, 105600, Note_on_c, 0, 46, 54
3, 105840, Note_on_c, 0, 49, 54
3, 105840, Note_off_c, 0, 46, 54
3, 106080, Note_on_c, 0, 54, 54
3, 106080, Note_off_c, 0, 49, 54
3, 106320, Note_off_c, 0, 54, 54
3, 106320, Note_on_c, 0, 46, 54
3, 106560, Note_on_c, 0, 49, 54
3, 106560, Note_off_c, 0, 46, 54
3, 106800, Note_on_c, 0, 54, 54
3, 106800, Note_off_c, 0, 49, 54
3, 107040, Note_off_c, 0, 54, 54
3, 107040, Note_on_c, 0, 46, 54
3, 107280, Note_on_c, 0, 49, 54
3, 107280, Note_off_c, 0, 46, 54
3, 107520, Note_off_c, 0, 49, 54
3, 107520, Note_on_c, 0, 43, 60
3, 107760, Note_on_c, 0, 60, 60
3, 107760, Note_off_c, 0, 43, 60
3, 108000, Note_on_c, 0, 65, 60
3, 108000, Note_off_c, 0, 60, 60
3, 108240, Note_off_c, 0, 65, 60
3, 108240, Note_on_c, 0, 43, 60
3, 108480, Note_on_c, 0, 60, 60
3, 108480, Note_off_c, 0, 43, 60
3, 108720, Note_on_c, 0, 65, 60
3, 108720, Note_off_c, 0, 60, 60
3, 108960, Note_off_c, 0, 65, 60
3, 108960, Note_on_c, 0, 43, 60
3, 109200, Note_on_c, 0, 60, 60
3, 109200, Note_off_c, 0, 43, 60
3, 109440, Note_on_c, 0, 65, 60
3, 109440, Note_off_c, 0, 60, 60
3, 109680, Note_off_c, 0, 65, 60
3, 109680, Note_on_c, 0, 43, 60
3, 109920, Note_on_c, 0, 60, 60
3, 109920, Note_off_c, 0, 43, 60
3, 110160, Note_on_c, 0, 65, 60
3, 110160, Note_off_c, 0, 60, 60
3, 110400, Note_off_c, 0, 65, 60
3, 110400, Note_on_c, 0, 43, 60
3, 110640, Note_on_c, 0, 60, 60
3, 110640, Note_off_c, 0, 43, 60
3, 110880, Note_on_c, 0, 65, 60
3, 110880, Note_off_c, 0, 60, 60
3, 111120, Note_off_c, 0, 65, 60
3, 111120, Note_on_c, 0, 43, 60
3, 111360, Note_on_c, 0, 60, 60
3, 111360, Note_off_c, 0, 43, 60
3, 111600, Note_on_c, 0, 65, 60
3, 111600, Note_off_c, 0, 60, 60
3, 111840, Note_off_c, 0, 65, 60
3, 111840, Note_on_c, 0, 43, 60
3, 112080, Note_on_c, 0, 60, 60
3, 112080, Note_off_c, 0, 43, 60
3, 112320, Note_on_c, 0, 65, 60
3, 112320, Note_off_c, 0, 60, 60
3, 112560, Note_off_c, 0, 65, 60
3, 112560, Note_on_c, 0, 43, 60
3, 112800, Note_on_c, 0, 60, 60
3, 112800, Note_off_c, 0, 43, 60
3, 113040, Note_on_c, 0, 65, 60
3, 113040, Note_off_c, 0, 60, 60
3, 113280, Note_off_c, 0, 65, 60
3, 113280, Note_on_c, 0, 54, 54
3, 113520, Note_on_c, 0, 56, 54
3, 113520, Note_off_c, 0, 54, 54
3, 113760, Note_on_c, 0, 61, 54
3, 113760, Note_off_c, 0, 56, 54
3, 114000, Note_off_c, 0, 61, 54
3, 114000, Note_on_c, 0, 54, 54
3, 114240, Note_on_c, 0, 56, 54
3, 114240, Note_off_c, 0, 54, 54
3, 114480, Note_on_c, 0, 61, 54
3, 114480, Note_off_c, 0, 56, 54
3, 114720, Note_off_c, 0, 61, 54
3, 114720, Note_on_c, 0, 54, 54
3, 114960, Note_on_c, 0, 56, 54
3, 114960, Note_off_c, 0, 54, 54
3, 115200, Note_on_c, 0, 60, 60
3, 115200, Note_off_c, 0, 56, 54
3, 115440, Note_off_c, 0, 60, 60
3, 115440, Note_on_c, 0, 53, 60
3, 115680, Note_on_c, 0, 60, 60
3, 115680, Note_off_c, 0, 53, 60
3, 115920, Note_off_c, 0, 60, 60
3, 115920, Note_on_c, 0, 53, 60
3, 116160, Note_on_c, 0, 60, 60
3, 116160, Note_off_c, 0, 53, 60
3, 116400, Note_off_c, 0, 60, 60
3, 116400, Note_on_c, 0, 53, 60
3, 116640, Note_on_c, 0, 60, 60
3, 116640, Note_off_c, 0, 53, 60
3, 116880, Note_off_c, 0, 60, 60
3, 116880, Note_on_c, 0, 53, 60
3, 117120, Note_on_c, 0, 60, 60
3, 117120, Note_off_c, 0, 53, 60
3, 117360, Note_off_c, 0, 60, 60
3, 117360, Note_on_c, 0, 53, 60
3, 117600, Note_on_c, 0, 60, 60
3, 117600, Note_off_c, 0, 53, 60
3, 117840, Note_off_c, 0, 60, 60
3, 117840, Note_on_c, 0, 53, 60
3, 118080, Note_on_c, 0, 60, 60
3, 118080, Note_off_c, 0, 53, 60
3, 118320, Note_off_c, 0, 60, 60
3, 118320, Note_on_c, 0, 53, 60
3, 118560, Note_on_c, 0, 60, 60
3, 118560, Note_off_c, 0, 53, 60
3, 118800, Note_off_c, 0, 60, 60
3, 118800, Note_on_c, 0, 53, 60
3, 119040, Note_on_c, 0, 60, 60
3, 119040, Note_off_c, 0, 53, 60
3, 119280, Note_off_c, 0, 60, 60
3, 119280, Note_on_c, 0, 53, 60
3, 119520, Note_on_c, 0, 60, 60
3, 119520, Note_off_c, 0, 53, 60
3, 119760, Note_off_c, 0, 60, 60
3, 119760, Note_on_c, 0, 53, 60
3, 120000, Note_on_c, 0, 60, 60
3, 120000, Note_off_c, 0, 53, 60
3, 120240, Note_off_c, 0, 60, 60
3, 120240, Note_on_c, 0, 53, 60
3, 120480, Note_on_c, 0, 60, 60
3, 120480, Note_off_c, 0, 53, 60
3, 120720, Note_off_c, 0, 60, 60
3, 120720, Note_on_c, 0, 53, 60
3, 120960, Note_off_c, 0, 53, 60
3, 120960, Note_on_c, 0, 44, 54
3, 121200, Note_on_c, 0, 54, 54
3, 121200, Note_off_c, 0, 44, 54
3, 121440, Note_on_c, 0, 63, 54
3, 121440, Note_off_c, 0, 54, 54
3, 121680, Note_off_c, 0, 63, 54
3, 121680, Note_on_c, 0, 54, 54
3, 121920, Note_off_c, 0, 54, 54
3, 121920, Note_on_c, 0, 44, 54
3, 122160, Note_on_c, 0, 54, 54
3, 122160, Note_off_c, 0, 44, 54
3, 122400, Note_on_c, 0, 63, 54
3, 122400, Note_off_c, 0, 54, 54
3, 122640, Note_off_c, 0, 63, 54
3, 122640, Note_on_c, 0, 54, 54
3, 122880, Note_off_c, 0, 54, 54
3, 188160, Note_on_c, 0, 57, 60
3, 188160, Note_on_c, 0, 48, 60
3, 193920, Note_on_c, 0, 58, 54
3, 193920, Note_off_c, 0, 57, 60
3, 193920, Note_on_c, 0, 54, 54
3, 193920, Note_off_c, 0, 48, 60
3, 193920, Note_on_c, 0, 48, 54
3, 195840, Note_off_c, 0, 58, 54
3, 195840, Note_on_c, 0, 57, 60
3, 195840, Note_off_c, 0, 54, 54
3, 195840, Note_off_c, 0, 48, 54
3, 195840, Note_on_c, 0, 48, 60
3, 201600, Note_off_c, 0, 57, 60
3, 201600, Note_on_c, 0, 54, 54
3, 201600, Note_on_c, 0, 49, 54
3, 201600, Note_off_c, 0, 48, 60
3, 201600, Note_on_c, 0, 46, 54
3, 203520, Note_on_c, 0, 60, 60
3, 203520, Note_off_c, 0, 54, 54
3, 203520, Note_off_c, 0, 49, 54
3, 203520, Note_on_c, 0, 48, 60
3, 203520, Note_off_c, 0, 46, 54
3, 209280, Note_on_c, 0, 61, 54
3, 209280, Note_off_c, 0, 60, 60
3, 209280, Note_on_c, 0, 56, 54
3, 209280, Note_on_c, 0, 54, 54
3, 209280, Note_off_c, 0, 48, 60
3, 211200, Note_off_c, 0, 61, 54
3, 211200, Note_on_c, 0, 60, 60
3, 211200, Note_off_c, 0, 56, 54
3, 211200, Note_off_c, 0, 54, 54
3, 211200, Note_on_c, 0, 48, 60
3, 216960, Note_on_c, 0, 63, 54
3, 216960, Note_off_c, 0, 60, 60
3, 216960, Note_on_c, 0, 54, 54
3, 216960, Note_off_c, 0, 48, 60
3, 216960, Note_on_c, 0, 44, 54
3, 218880, Note_off_c, 0, 63, 54
3, 218880, Note_off_c, 0, 54, 54
3, 218880, Note_off_c, 0, 44, 54
3, 218880, Note_on_c, 0, 57, 60
3, 218880, Note_on_c, 0, 53, 60
3, 218880, Note_on_c, 0, 48, 60
3, 224640, Note_on_c, 0, 58, 54
3, 224640, Note_off_c, 0, 57, 60
3, 224640, Note_on_c, 0, 54, 54
3, 224640, Note_off_c, 0, 53, 60
3, 224640, Note_off_c, 0, 48, 60
3, 224640, Note_on_c, 0, 48, 54
3, 226560, Note_off_c, 0, 58, 54
3, 226560, Note_on_c, 0, 57, 60
3, 226560, Note_off_c, 0, 54, 54
3, 226560, Note_on_c, 0, 53, 60
3, 226560, Note_off_c, 0, 48, 54
3, 226560, Note_on_c, 0, 48, 60
3, 232320, Note_off_c, 0, 57, 60
3, 232320, Note_on_c, 0, 54, 54
3, 232320, Note_off_c, 0, 53, 60
3, 232320, Note_on_c, 0, 49, 54
3, 232320, Note_off_c, 0, 48, 60
3, 232320, Note_on_c, 0, 46, 54
3, 234240, Note_on_c, 0, 60, 60
3, 234240, Note_off_c, 0, 54, 54
3, 234240, Note_on_c, 0, 53, 60
3, 234240, Note_off_c, 0, 49, 54
3, 234240, Note_on_c, 0, 48, 60
3, 234240, Note_off_c, 0, 46, 54
3, 240000, Note_on_c, 0, 61, 54
3, 240000, Note_off_c, 0, 60, 60
3, 240000, Note_on_c, 0, 56, 54
3, 240000, Note_on_c, 0, 54, 54
3, 240000, Note_off_c, 0, 53, 60
3, 240000, Note_off_c, 0, 48, 60
3, 241920, Note_off_c, 0, 61, 54
3, 241920, Note_on_c, 0, 60, 60
3, 241920, Note_off_c, 0, 56, 54
3, 241920, Note_off_c, 0, 54, 54
3, 241920, Note_on_c, 0, 53, 60
3, 241920, Note_on_c, 0, 48, 60
3, 247680, Note_on_c, 0, 63, 54
3, 247680, Note_off_c, 0, 60, 60
3, 247680, Note_on_c, 0, 54, 54
3, 247680, Note_off_c, 0, 53, 60
3, 247680, Note_off_c, 0, 48, 60
3, 247680, Note_on_c, 0, 44, 54
3, 249600, Note_off_c, 0, 63, 54
3, 249600, Note_off_c, 0, 54, 54
3, 249600, Note_off_c, 0, 44, 54
3, 249601, End_track
4, 0, Start_track
4, 0, Title_t, "Deep Pocket"
4, 0, Note_on_c, 0, 36, 60
4, 240, Note_on_c, 0, 38, 60
4, 240, Note_off_c, 0, 36, 60
4, 480, Note_off_c, 0, 38, 60
4, 480, Note_on_c, 0, 36, 60
4, 720, Note_on_c, 0, 38, 60
4, 720, Note_off_c, 0, 36, 60
4, 960, Note_off_c, 0, 38, 60
4, 960, Note_on_c, 0, 36, 60
4, 1200, Note_on_c, 0, 38, 60
4, 1200, Note_off_c, 0, 36, 60
4, 1440, Note_off_c, 0, 38, 60
4, 1440, Note_on_c, 0, 36, 60
4, 1680, Note_on_c, 0, 38, 60
4, 1680, Note_off_c, 0, 36, 60
4, 1920, Note_off_c, 0, 38, 60
4, 1920, Note_on_c, 0, 36, 60
4, 2160, Note_on_c, 0, 38, 60
4, 2160, Note_off_c, 0, 36, 60
4, 2400, Note_off_c, 0, 38, 60
4, 2400, Note_on_c, 0, 36, 60
4, 2640, Note_on_c, 0, 38, 60
4, 2640, Note_off_c, 0, 36, 60
4, 2880, Note_off_c, 0, 38, 60
4, 2880, Note_on_c, 0, 36, 60
4, 3120, Note_on_c, 0, 38, 60
4, 3120, Note_off_c, 0, 36, 60
4, 3360, Note_off_c, 0, 38, 60
4, 3360, Note_on_c, 0, 36, 60
4, 3600, Note_on_c, 0, 38, 60
4, 3600, Note_off_c, 0, 36, 60
4, 3840, Note_off_c, 0, 38, 60
4, 3840, Note_on_c, 0, 36, 60
4, 4080, Note_on_c, 0, 38, 60
4, 4080, Note_off_c, 0, 36, 60
4, 4320, Note_off_c, 0, 38, 60
4, 4320, Note_on_c, 0, 36, 60
4, 4560, Note_on_c, 0, 38, 60
4, 4560, Note_off_c, 0, 36, 60
4, 4800, Note_off_c, 0, 38, 60
4, 4800, Note_on_c, 0, 36, 60
4, 5040, Note_on_c, 0, 38, 60
4, 5040, Note_off_c, 0, 36, 60
4, 5280, Note_off_c, 0, 38, 60
4, 5280, Note_on_c, 0, 36, 60
4, 5520, Note_on_c, 0, 38, 60
4, 5520, Note_off_c, 0, 36, 60
4, 5760, Note_off_c, 0, 38, 60
4, 5760, Note_on_c, 0, 36, 54
4, 6000, Note_on_c, 0, 40, 54
4, 6000, Note_off_c, 0, 36, 54
4, 6240, Note_off_c, 0, 40, 54
4, 6240, Note_on_c, 0, 39, 54
4, 6480, Note_off_c, 0, 39, 54
4, 6480, Note_on_c, 0, 36, 54
4, 6720, Note_on_c, 0, 40, 54
4, 6720, Note_off_c, 0, 36, 54
4, 6960, Note_off_c, 0, 40, 54
4, 6960, Note_on_c, 0, 39, 54
4, 7200, Note_off_c, 0, 39, 54
4, 7200, Note_on_c, 0, 36, 54
4, 7440, Note_on_c, 0, 40, 54
4, 7440, Note_off_c, 0, 36, 54
4, 7680, Note_off_c, 0, 40, 54
4, 7680, Note_on_c, 0, 36, 60
4, 7920, Note_on_c, 0, 38, 60
4, 7920, Note_off_c, 0, 36, 60
4, 8160, Note_off_c, 0, 38, 60
4, 8160, Note_on_c, 0, 36, 60
4, 8400, Note_on_c, 0, 38, 60
4, 8400, Note_off_c, 0, 36, 60
4, 8640, Note_off_c, 0, 38, 60
4, 8640, Note_on_c, 0, 36, 60
4, 8880, Note_on_c, 0, 38, 60
4, 8880, Note_off_c, 0, 36, 60
4, 9120, Note_off_c, 0, 38, 60
4, 9120, Note_on_c, 0, 36, 60
4, 9360, Note_on_c, 0, 38, 60
4, 9360, Note_off_c, 0, 36, 60
4, 9600, Note_off_c, 0, 38, 60
4, 9600, Note_on_c, 0, 36, 60
4, 9840, Note_on_c, 0, 38, 60
4, 9840, Note_off_c, 0, 36, 60
4, 10080, Note_off_c, 0, 38, 60
4, 10080, Note_on_c, 0, 36, 60
4, 10320, Note_on_c, 0, 38, 60
4, 10320, Note_off_c, 0, 36, 60
4, 10560, Note_off_c, 0, 38, 60
4, 10560, Note_on_c, 0, 36, 60
4, 10800, Note_on_c, 0, 38, 60
4, 10800, Note_off_c, 0, 36, 60
4, 11040, Note_off_c, 0, 38, 60
4, 11040, Note_on_c, 0, 36, 60
4, 11280, Note_on_c, 0, 38, 60
4, 11280, Note_off_c, 0, 36, 60
4, 11520, Note_off_c, 0, 38, 60
4, 11520, Note_on_c, 0, 36, 60
4, 11760, Note_on_c, 0, 38, 60
4, 11760, Note_off_c, 0, 36, 60
4, 12000, Note_off_c, 0, 38, 60
4, 12000, Note_on_c, 0, 36, 60
4, 12240, Note_on_c, 0, 38, 60
4, 12240, Note_off_c, 0, 36, 60
4, 12480, Note_off_c, 0, 38, 60
4, 12480, Note_on_c, 0, 36, 60
4, 12720, Note_on_c, 0, 38, 60
4, 12720, Note_off_c, 0, 36, 60
4, 12960, Note_off_c, 0, 38, 60
4, 12960, Note_on_c, 0, 36, 60
4, 13200, Note_on_c, 0, 38, 60
4, 13200, Note_off_c, 0, 36, 60
4, 13440, Note_on_c, 0, 41, 54
4, 13440, Note_off_c, 0, 38, 60
4, 13680, Note_off_c, 0, 41, 54
4, 13680, Note_on_c, 0, 37, 54
4, 13920, Note_on_c, 0, 39, 54
4, 13920, Note_off_c, 0, 37, 54
4, 14160, Note_on_c, 0, 41, 54
4, 14160, Note_off_c, 0, 39, 54
4, 14400, Note_off_c, 0, 41, 54
4, 14400, Note_on_c, 0, 37, 54
4, 14640, Note_on_c, 0, 39, 54
4, 14640, Note_off_c, 0, 37, 54
4, 14880, Note_on_c, 0, 41, 54
4, 14880, Note_off_c, 0, 39, 54
4, 15120, Note_off_c, 0, 41, 54
4, 15120, Note_on_c, 0, 37, 54
4, 15360, Note_on_c, 0, 42, 60
4, 15360, Note_off_c, 0, 37, 54
4, 15600, Note_on_c, 0, 46, 60
4, 15600, Note_off_c, 0, 42, 60
4, 15840, Note_off_c, 0, 46, 60
4, 15840, Note_on_c, 0, 43, 60
4, 16080, Note_off_c, 0, 43, 60
4, 16080, Note_on_c, 0, 42, 60
4, 16320, Note_on_c, 0, 46, 60
4, 16320, Note_off_c, 0, 42, 60
4, 16560, Note_off_c, 0, 46, 60
4, 16560, Note_on_c, 0, 43, 60
4, 16800, Note_off_c, 0, 43, 60
4, 16800, Note_on_c, 0, 42, 60
4, 17040, Note_on_c, 0, 46, 60
4, 17040, Note_off_c, 0, 42, 60
4, 17280, Note_off_c, 0, 46, 60
4, 17280, Note_on_c, 0, 43, 60
4, 17520, Note_off_c, 0, 43, 60
4, 17520, Note_on_c, 0, 42, 60
4, 17760, Note_on_c, 0, 46, 60
4, 17760, Note_off_c, 0, 42, 60
4, 18000, Note_off_c, 0, 46, 60
4, 18000, Note_on_c, 0, 43, 60
4, 18240, Note_off_c, 0, 43, 60
4, 18240, Note_on_c, 0, 42, 60
4, 18480, Note_on_c, 0, 46, 60
4, 18480, Note_off_c, 0, 42, 60
4, 18720, Note_off_c, 0, 46, 60
4, 18720, Note_on_c, 0, 43, 60
4, 18960, Note_off_c, 0, 43, 60
4, 18960, Note_on_c, 0, 42, 60
4, 19200, Note_on_c, 0, 46, 60
4, 19200, Note_off_c, 0, 42, 60
4, 19440, Note_off_c, 0, 46, 60
4, 19440, Note_on_c, 0, 43, 60
4, 19680, Note_off_c, 0, 43, 60
4, 19680, Note_on_c, 0, 42, 60
4, 19920, Note_on_c, 0, 46, 60
4, 19920, Note_off_c, 0, 42, 60
4, 20160, Note_off_c, 0, 46, 60
4, 20160, Note_on_c, 0, 43, 60
4, 20400, Note_off_c, 0, 43, 60
4, 20400, Note_on_c, 0, 42, 60
4, 20640, Note_on_c, 0, 46, 60
4, 20640, Note_off_c, 0, 42, 60
4, 20880, Note_off_c, 0, 46, 60
4, 20880, Note_on_c, 0, 43, 60
4, 21120, Note_off_c, 0, 43, 60
4, 21120, Note_on_c, 0, 40, 54
4, 21360, Note_on_c, 0, 44, 54
4, 21360, Note_off_c, 0, 40, 54
4, 21600, Note_on_c, 0, 45, 54
4, 21600, Note_off_c, 0, 44, 54
4, 21840, Note_off_c, 0, 45, 54
4, 21840, Note_on_c, 0, 40, 54
4, 22080, Note_on_c, 0, 44, 54
4, 22080, Note_off_c, 0, 40, 54
4, 22320, Note_on_c, 0, 45, 54
4, 22320, Note_off_c, 0, 44, 54
4, 22560, Note_off_c, 0, 45, 54
4, 22560, Note_on_c, 0, 40, 54
4, 22800, Note_on_c, 0, 44, 54
4, 22800, Note_off_c, 0, 40, 54
4, 23040, Note_on_c, 0, 46, 60
4, 23040, Note_off_c, 0, 44, 54
4, 23280, Note_off_c, 0, 46, 60
4, 23280, Note_on_c, 0, 39, 60
4, 23520, Note_on_c, 0, 46, 60
4, 23520, Note_off_c, 0, 39, 60
4, 23760, Note_off_c, 0, 46, 60
4, 23760, Note_on_c, 0, 39, 60
4, 24000, Note_on_c, 0, 46, 60
4, 24000, Note_off_c, 0, 39, 60
4, 24240, Note_off_c, 0, 46, 60
4, 24240, Note_on_c, 0, 39, 60
4, 24480, Note_on_c, 0, 46, 60
4, 24480, Note_off_c, 0, 39, 60
4, 24720, Note_off_c, 0, 46, 60
4, 24720, Note_on_c, 0, 39, 60
4, 24960, Note_on_c, 0, 46, 60
4, 24960, Note_off_c, 0, 39, 60
4, 25200, Note_off_c, 0, 46, 60
4, 25200, Note_on_c, 0, 39, 60
4, 25440, Note_on_c, 0, 46, 60
4, 25440, Note_off_c, 0, 39, 60
4, 25680, Note_off_c, 0, 46, 60
4, 25680, Note_on_c, 0, 39, 60
4, 25920, Note_on_c, 0, 46, 60
4, 25920, Note_off_c, 0, 39, 60
4, 26160, Note_off_c, 0, 46, 60
4, 26160, Note_on_c, 0, 39, 60
4, 26400, Note_on_c, 0, 46, 60
4, 26400, Note_off_c, 0, 39, 60
4, 26640, Note_off_c, 0, 46, 60
4, 26640, Note_on_c, 0, 39, 60
4, 26880, Note_on_c, 0, 46, 60
4, 26880, Note_off_c, 0, 39, 60
4, 27120, Note_off_c, 0, 46, 60
4, 27120, Note_on_c, 0, 39, 60
4, 27360, Note_on_c, 0, 46, 60
4, 27360, Note_off_c, 0, 39, 60
4, 27600, Note_off_c, 0, 46, 60
4, 27600, Note_on_c, 0, 39, 60
4, 27840, Note_on_c, 0, 46, 60
4, 27840, Note_off_c, 0, 39, 60
4, 28080, Note_off_c, 0, 46, 60
4, 28080, Note_on_c, 0, 39, 60
4, 28320, Note_on_c, 0, 46, 60
4, 28320, Note_off_c, 0, 39, 60
4, 28560, Note_off_c, 0, 46, 60
4, 28560, Note_on_c, 0, 39, 60
4, 28800, Note_on_c, 0, 45, 54
4, 28800, Note_off_c, 0, 39, 60
4, 29040, Note_off_c, 0, 45, 54
4, 29040, Note_on_c, 0, 40, 54
4, 29280, Note_on_c, 0, 47, 54
4, 29280, Note_off_c, 0, 40, 54
4, 29520, Note_off_c, 0, 47, 54
4, 29520, Note_on_c, 0, 40, 54
4, 29760, Note_on_c, 0, 45, 54
4, 29760, Note_off_c, 0, 40, 54
4, 30000, Note_off_c, 0, 45, 54
4, 30000, Note_on_c, 0, 40, 54
4, 30240, Note_on_c, 0, 47, 54
4, 30240, Note_off_c, 0, 40, 54
4, 30480, Note_off_c, 0, 47, 54
4, 30480, Note_on_c, 0, 40, 54
4, 30720, Note_on_c, 0, 48, 60
4, 30720, Note_off_c, 0, 40, 54
4, 30960, Note_on_c, 0, 50, 60
4, 30960, Note_off_c, 0, 48, 60
4, 31200, Note_off_c, 0, 50, 60
4, 31200, Note_on_c, 0, 48, 60
4, 31440, Note_on_c, 0, 50, 60
4, 31440, Note_off_c, 0, 48, 60
4, 31680, Note_off_c, 0, 50, 60
4, 31680, Note_on_c, 0, 48, 60
4, 31920, Note_on_c, 0, 50, 60
4, 31920, Note_off_c, 0, 48, 60
4, 32160, Note_off_c, 0, 50, 60
4, 32160, Note_on_c, 0, 48, 60
4, 32400, Note_on_c, 0, 50, 60
4, 32400, Note_off_c, 0, 48, 60
4, 32640, Note_off_c, 0, 50, 60
4, 32640, Note_on_c, 0, 48, 60
4, 32880, Note_on_c, 0, 50, 60
4, 32880, Note_off_c, 0, 48, 60
4, 33120, Note_off_c, 0, 50, 60
4, 33120, Note_on_c, 0, 48, 60
4, 33360, Note_on_c, 0, 50, 60
4, 33360, Note_off_c, 0, 48, 60
4, 33600, Note_off_c, 0, 50, 60
4, 33600, Note_on_c, 0, 48, 60
4, 33840, Note_on_c, 0, 50, 60
4, 33840, Note_off_c, 0, 48, 60
4, 34080, Note_off_c, 0, 50, 60
4, 34080, Note_on_c, 0, 48, 60
4, 34320, Note_on_c, 0, 50, 60
4, 34320, Note_off_c, 0, 48, 60
4, 34560, Note_off_c, 0, 50, 60
4, 34560, Note_on_c, 0, 48, 60
4, 34800, Note_on_c, 0, 50, 60
4, 34800, Note_off_c, 0, 48, 60
4, 35040, Note_off_c, 0, 50, 60
4, 35040, Note_on_c, 0, 48, 60
4, 35280, Note_on_c, 0, 50, 60
4, 35280, Note_off_c, 0, 48, 60
4, 35520, Note_off_c, 0, 50, 60
4, 35520, Note_on_c, 0, 48, 60
4, 35760, Note_on_c, 0, 50, 60
4, 35760, Note_off_c, 0, 48, 60
4, 36000, Note_off_c, 0, 50, 60
4, 36000, Note_on_c, 0, 48, 60
4, 36240, Note_on_c, 0, 50, 60
4, 36240, Note_off_c, 0, 48, 60
4, 36480, Note_off_c, 0, 50, 60
4, 36480, Note_on_c, 0, 48, 54
4, 36720, Note_on_c, 0, 52, 54
4, 36720, Note_off_c, 0, 48, 54
4, 36960, Note_off_c, 0, 52, 54
4, 36960, Note_on_c, 0, 51, 54
4, 37200, Note_off_c, 0, 51, 54
4, 37200, Note_on_c, 0, 48, 54
4, 37440, Note_on_c, 0, 52, 54
4, 37440, Note_off_c, 0, 48, 54
4, 37680, Note_off_c, 0, 52, 54
4, 37680, Note_on_c, 0, 51, 54
4, 37920, Note_off_c, 0, 51, 54
4, 37920, Note_on_c, 0, 48, 54
4, 38160, Note_on_c, 0, 52, 54
4, 38160, Note_off_c, 0, 48, 54
4, 38400, Note_off_c, 0, 52, 54
4, 38400, Note_on_c, 0, 48, 60
4, 38640, Note_on_c, 0, 50, 60
4, 38640, Note_off_c, 0, 48, 60
4, 38880, Note_off_c, 0, 50, 60
4, 38880, Note_on_c, 0, 48, 60
4, 39120, Note_on_c, 0, 50, 60
4, 39120, Note_off_c, 0, 48, 60
4, 39360, Note_off_c, 0, 50, 60
4, 39360, Note_on_c, 0, 48, 60
4, 39600, Note_on_c, 0, 50, 60
4, 39600, Note_off_c, 0, 48, 60
4, 39840, Note_off_c, 0, 50, 60
4, 39840, Note_on_c, 0, 48, 60
4, 40080, Note_on_c, 0, 50, 60
4, 40080, Note_off_c, 0, 48, 60
4, 40320, Note_off_c, 0, 50, 60
4, 40320, Note_on_c, 0, 48, 60
4, 40560, Note_on_c, 0, 50, 60
4, 40560, Note_off_c, 0, 48, 60
4, 40800, Note_off_c, 0, 50, 60
4, 40800, Note_on_c, 0, 48, 60
4, 41040, Note_on_c, 0, 50, 60
4, 41040, Note_off_c, 0, 48, 60
4, 41280, Note_off_c, 0, 50, 60
4, 41280, Note_on_c, 0, 48, 60
4, 41520, Note_on_c, 0, 50, 60
4, 41520, Note_off_c, 0, 48, 60
4, 41760, Note_off_c, 0, 50, 60
4, 41760, Note_on_c, 0, 48, 60
4, 42000, Note_on_c, 0, 50, 60
4, 42000, Note_off_c, 0, 48, 60
4, 42240, Note_off_c, 0, 50, 60
4, 42240, Note_on_c, 0, 48, 60
4, 42480, Note_on_c, 0, 50, 60
4, 42480, Note_off_c, 0, 48, 60
4, 42720, Note_off_c, 0, 50, 60
4, 42720, Note_on_c, 0, 48, 60
4, 42960, Note_on_c, 0, 50, 60
4, 42960, Note_off_c, 0, 48, 60
4, 43200, Note_off_c, 0, 50, 60
4, 43200, Note_on_c, 0, 48, 60
4, 43440, Note_on_c, 0, 50, 60
4, 43440, Note_off_c, 0, 48, 60
4, 43680, Note_off_c, 0, 50, 60
4, 43680, Note_on_c, 0, 48, 60
4, 43920, Note_on_c, 0, 50, 60
4, 43920, Note_off_c, 0, 48, 60
4, 44160, Note_on_c, 0, 53, 54
4, 44160, Note_off_c, 0, 50, 60
4, 44400, Note_off_c, 0, 53, 54
4, 44400, Note_on_c, 0, 49, 54
4, 44640, Note_on_c, 0, 51, 54
4, 44640, Note_off_c, 0, 49, 54
4, 44880, Note_on_c, 0, 53, 54
4, 44880, Note_off_c, 0, 51, 54
4, 45120, Note_off_c, 0, 53, 54
4, 45120, Note_on_c, 0, 49, 54
4, 45360, Note_on_c, 0, 51, 54
4, 45360, Note_off_c, 0, 49, 54
4, 45600, Note_on_c, 0, 53, 54
4, 45600, Note_off_c, 0, 51, 54
4, 45840, Note_off_c, 0, 53, 54
4, 45840, Note_on_c, 0, 49, 54
4, 46080, Note_on_c, 0, 54, 60
4, 46080, Note_off_c, 0, 49, 54
4, 46320, Note_on_c, 0, 58, 60
4, 46320, Note_off_c, 0, 54, 60
4, 46560, Note_off_c, 0, 58, 60
4, 46560, Note_on_c, 0, 55, 60
4, 46800, Note_off_c, 0, 55, 60
4, 46800, Note_on_c, 0, 54, 60
4, 47040, Note_on_c, 0, 58, 60
4, 47040, Note_off_c, 0, 54, 60
4, 47280, Note_off_c, 0, 58, 60
4, 47280, Note_on_c, 0, 55, 60
4, 47520, Note_off_c, 0, 55, 60
4, 47520, Note_on_c, 0, 54, 60
4, 47760, Note_on_c, 0, 58, 60
4, 47760, Note_off_c, 0, 54, 60
4, 48000, Note_off_c, 0, 58, 60
4, 48000, Note_on_c, 0, 55, 60
4, 48240, Note_off_c, 0, 55, 60
4, 48240, Note_on_c, 0, 54, 60
4, 48480, Note_on_c, 0, 58, 60
4, 48480, Note_off_c, 0, 54, 60
4, 48720, Note_off_c, 0, 58, 60
4, 48720, Note_on_c, 0, 55, 60
4, 48960, Note_off_c, 0, 55, 60
4, 48960, Note_on_c, 0, 54, 60
4, 49200, Note_on_c, 0, 58, 60
4, 49200, Note_off_c, 0, 54, 60
4, 49440, Note_off_c, 0, 58, 60
4, 49440, Note_on_c, 0, 55, 60
4, 49680, Note_off_c, 0, 55, 60
4, 49680, Note_on_c, 0, 54, 60
4, 49920, Note_on_c, 0, 58, 60
4, 49920, Note_off_c, 0, 54, 60
4, 50160, Note_off_c, 0, 58, 60
4, 50160, Note_on_c, 0, 55, 60
4, 50400, Note_off_c, 0, 55, 60
4, 50400, Note_on_c, 0, 54, 60
4, 50640, Note_on_c, 0, 58, 60
4, 50640, Note_off_c, 0, 54, 60
4, 50880, Note_off_c, 0, 58, 60
4, 50880, Note_on_c, 0, 55, 60
4, 51120, Note_off_c, 0, 55, 60
4, 51120, Note_on_c, 0, 54, 60
4, 51360, Note_on_c, 0, 58, 60
4, 51360, Note_off_c, 0, 54, 60
4, 51600, Note_off_c, 0, 58, 60
4, 51600, Note_on_c, 0, 55, 60
4, 51840, Note_off_c, 0, 55, 60
4, 51840, Note_on_c, 0, 52, 54
4, 52080, Note_on_c, 0, 56, 54
4, 52080, Note_off_c, 0, 52, 54
4, 52320, Note_on_c, 0, 57, 54
4, 52320, Note_off_c, 0, 56, 54
4, 52560, Note_off_c, 0, 57, 54
4, 52560, Note_on_c, 0, 52, 54
4, 52800, Note_on_c, 0, 56, 54
4, 52800, Note_off_c, 0, 52, 54
4, 53040, Note_on_c, 0, 57, 54
4, 53040, Note_off_c, 0, 56, 54
4, 53280, Note_off_c, 0, 57, 54
4, 53280, Note_on_c, 0, 52, 54
4, 53520, Note_on_c, 0, 56, 54
4, 53520, Note_off_c, 0, 52, 54
4, 53760, Note_on_c, 0, 58, 60
4, 53760, Note_off_c, 0, 56, 54
4, 54000, Note_off_c, 0, 58, 60
4, 54000, Note_on_c, 0, 51, 60
4, 54240, Note_on_c, 0, 58, 60
4, 54240, Note_off_c, 0, 51, 60
4, 54480, Note_off_c, 0, 58, 60
4, 54480, Note_on_c, 0, 51, 60
4, 54720, Note_on_c, 0, 58, 60
4, 54720, Note_off_c, 0, 51, 60
4, 54960, Note_off_c, 0, 58, 60
4, 54960, Note_on_c, 0, 51, 60
4, 55200, Note_on_c, 0, 58, 60
4, 55200, Note_off_c, 0, 51, 60
4, 55440, Note_off_c, 0, 58, 60
4, 55440, Note_on_c, 0, 51, 60
4, 55680, Note_on_c, 0, 58, 60
4, 55680, Note_off_c, 0, 51, 60
4, 55920, Note_off_c, 0, 58, 60
4, 55920, Note_on_c, 0, 51, 60
4, 56160, Note_on_c, 0, 58, 60
4, 56160, Note_off_c, 0, 51, 60
4, 56400, Note_off_c, 0, 58, 60
4, 56400, Note_on_c, 0, 51, 60
4, 56640, Note_on_c, 0, 58, 60
4, 56640, Note_off_c, 0, 51, 60
4, 56880, Note_off_c, 0, 58, 60
4, 56880, Note_on_c, 0, 51, 60
4, 57120, Note_on_c, 0, 58, 60
4, 57120, Note_off_c, 0, 51, 60
4, 57360, Note_off_c, 0, 58, 60
4, 57360, Note_on_c, 0, 51, 60
4, 57600, Note_on_c, 0, 58, 60
4, 57600, Note_off_c, 0, 51, 60
4, 57840, Note_off_c, 0, 58, 60
4, 57840, Note_on_c, 0, 51, 60
4, 58080, Note_on_c, 0, 58, 60
4, 58080, Note_off_c, 0, 51, 60
4, 58320, Note_off_c, 0, 58, 60
4, 58320, Note_on_c, 0, 51, 60
4, 58560, Note_on_c, 0, 58, 60
4, 58560, Note_off_c, 0, 51, 60
4, 58800, Note_off_c, 0, 58, 60
4, 58800, Note_on_c, 0, 51, 60
4, 59040, Note_on_c, 0, 58, 60
4, 59040, Note_off_c, 0, 51, 60
4, 59280, Note_off_c, 0, 58, 60
4, 59280, Note_on_c, 0, 51, 60
4, 59520, Note_on_c, 0, 57, 54
4, 59520, Note_off_c, 0, 51, 60
4, 59760, Note_off_c, 0, 57, 54
4, 59760, Note_on_c, 0, 52, 54
4, 60000, Note_on_c, 0, 59, 54
4, 60000, Note_off_c, 0, 52, 54
4, 60240, Note_off_c, 0, 59, 54
4, 60240, Note_on_c, 0, 52, 54
4, 60480, Note_on_c, 0, 57, 54
4, 60480, Note_off_c, 0, 52, 54
4, 60720, Note_off_c, 0, 57, 54
4, 60720, Note_on_c, 0, 52, 54
4, 60960, Note_on_c, 0, 59, 54
4, 60960, Note_off_c, 0, 52, 54
4, 61200, Note_off_c, 0, 59, 54
4, 61200, Note_on_c, 0, 52, 54
4, 61440, Note_off_c, 0, 52, 54
4, 188160, Note_on_c, 0, 57, 60
4, 188160, Note_on_c, 0, 48, 60
4, 193920, Note_on_c, 0, 58, 54
4, 193920, Note_off_c, 0, 57, 60
4, 193920, Note_on_c, 0, 54, 54
4, 193920, Note_off_c, 0, 48, 60
4, 193920, Note_on_c, 0, 48, 54
4, 195840, Note_off_c, 0, 58, 54
4, 195840, Note_on_c, 0, 57, 60
4, 195840, Note_off_c, 0, 54, 54
4, 195840, Note_off_c, 0, 48, 54
4, 195840, Note_on_c, 0, 48, 60
4, 201600, Note_off_c, 0, 57, 60
4, 201600, Note_on_c, 0, 54, 54
4, 201600, Note_on_c, 0, 49, 54
4, 201600, Note_off_c, 0, 48, 60
4, 201600, Note_on_c, 0, 46, 54
4, 203520, Note_on_c, 0, 60, 60
4, 203520, Note_off_c, 0, 54, 54
4, 203520, Note_off_c, 0, 49, 54
4, 203520, Note_on_c, 0, 48, 60
4, 203520, Note_off_c, 0, 46, 54
4, 209280, Note_on_c, 0, 61, 54
4, 209280, Note_off_c, 0, 60, 60
4, 209280, Note_on_c, 0, 56, 54
4, 209280, Note_on_c, 0, 54, 54
4, 209280, Note_off_c, 0, 48, 60
4, 211200, Note_off_c, 0, 61, 54
4, 211200, Note_on_c, 0, 60, 60
4, 211200, Note_off_c, 0, 56, 54
4, 211200, Note_off_c, 0, 54, 54
4, 211200, Note_on_c, 0, 48, 60
4, 216960, Note_on_c, 0, 63, 54
4, 216960, Note_off_c, 0, 60, 60
4, 216960, Note_on_c, 0, 54, 54
4, 216960, Note_off_c, 0, 48, 60
4, 216960, Note_on_c, 0, 44, 54
4, 218880, Note_off_c, 0, 63, 54
4, 218880, Note_off_c, 0, 54, 54
4, 218880, Note_off_c, 0, 44, 54
4, 218880, Note_on_c, 0, 57, 60
4, 218880, Note_on_c, 0, 53, 60
4, 218880, Note_on_c, 0, 48, 60
4, 224640, Note_on_c, 0, 58, 54
4, 224640, Note_off_c, 0, 57, 60
4, 224640, Note_on_c, 0, 54, 54
4, 224640, Note_off_c, 0, 53, 60
4, 224640, Note_off_c, 0, 48, 60
4, 224640, Note_on_c, 0, 48, 54
4, 226560, Note_off_c, 0, 58, 54
4, 226560, Note_on_c, 0, 57, 60
4, 226560, Note_off_c, 0, 54, 54
4, 226560, Note_on_c, 0, 53, 60
4, 226560, Note_off_c, 0, 48, 54
4, 226560, Note_on_c, 0, 48, 60
4, 232320, Note_off_c, 0, 57, 60
4, 232320, Note_on_c, 0, 54, 54
4, 232320, Note_off_c, 0, 53, 60
4, 232320, Note_on_c, 0, 49, 54
4, 232320, Note_off_c, 0, 48, 60
4, 232320, Note_on_c, 0, 46, 54
4, 234240, Note_on_c, 0, 60, 60
4, 234240, Note_off_c, 0, 54, 54
4, 234240, Note_on_c, 0, 53, 60
4, 234240, Note_off_c, 0, 49, 54
4, 234240, Note_on_c, 0, 48, 60
4, 234240, Note_off_c, 0, 46, 54
4, 240000, Note_on_c, 0, 61, 54
4, 240000, Note_off_c, 0, 60, 60
4, 240000, Note_on_c, 0, 56, 54
4, 240000, Note_on_c, 0, 54, 54
4, 240000, Note_off_c, 0, 53, 60
4, 240000, Note_off_c, 0, 48, 60
4, 241920, Note_off_c, 0, 61, 54
4, 241920, Note_on_c, 0, 60, 60
4, 241920, Note_off_c, 0, 56, 54
4, 241920, Note_off_c, 0, 54, 54
4, 241920, Note_on_c, 0, 53, 60
4, 241920, Note_on_c, 0, 48, 60
4, 247680, Note_on_c, 0, 63, 54
4, 247680, Note_off_c, 0, 60, 60
4, 247680, Note_on_c, 0, 54, 54
4, 247680, Note_off_c, 0, 53, 60
4, 247680, Note_off_c, 0, 48, 60
4, 247680, Note_on_c, 0, 44, 54
4, 249600, Note_off_c, 0, 63, 54
4, 249600, Note_off_c, 0, 54, 54
4, 249600, Note_off_c, 0, 44, 54
4, 249601, End_track
5, 0, Start_track
5, 0, Title_t, "Driven Leader"
5, 61440, Note_on_c, 0, 60, 60
5, 61680, Note_off_c, 0, 60, 60
5, 61920, Note_on_c, 0, 60, 60
5, 62160, Note_off_c, 0, 60, 60
5, 62400, Note_on_c, 0, 60, 60
5, 62640, Note_off_c, 0, 60, 60
5, 62880, Note_on_c, 0, 60, 60
5, 63120, Note_off_c, 0, 60, 60
5, 63360, Note_on_c, 0, 60, 60
5, 63600, Note_off_c, 0, 60, 60
5, 63840, Note_on_c, 0, 60, 60
5, 64080, Note_off_c, 0, 60, 60
5, 64320, Note_on_c, 0, 60, 60
5, 64560, Note_off_c, 0, 60, 60
5, 64800, Note_on_c, 0, 60, 60
5, 65040, Note_off_c, 0, 60, 60
5, 65280, Note_on_c, 0, 60, 60
5, 65520, Note_off_c, 0, 60, 60
5, 65760, Note_on_c, 0, 60, 60
5, 66000, Note_off_c, 0, 60, 60
5, 66240, Note_on_c, 0, 60, 60
5, 66480, Note_off_c, 0, 60, 60
5, 66720, Note_on_c, 0, 60, 60
5, 66960, Note_off_c, 0, 60, 60
5, 67200, Note_on_c, 0, 60, 54
5, 67440, Note_off_c, 0, 60, 54
5, 67920, Note_on_c, 0, 60, 54
5, 68160, Note_off_c, 0, 60, 54
5, 68640, Note_on_c, 0, 60, 54
5, 68880, Note_off_c, 0, 60, 54
5, 69120, Note_on_c, 0, 60, 60
5, 69360, Note_off_c, 0, 60, 60
5, 69600, Note_on_c, 0, 60, 60
5, 69840, Note_off_c, 0, 60, 60
5, 70080, Note_on_c, 0, 60, 60
5, 70320, Note_off_c, 0, 60, 60
5, 70560, Note_on_c, 0, 60, 60
5, 70800, Note_off_c, 0, 60, 60
5, 71040, Note_on_c, 0, 60, 60
5, 71280, Note_off_c, 0, 60, 60
5, 71520, Note_on_c, 0, 60, 60
5, 71760, Note_off_c, 0, 60, 60
5, 72000, Note_on_c, 0, 60, 60
5, 72240, Note_off_c, 0, 60, 60
5, 72480, Note_on_c, 0, 60, 60
5, 72720, Note_off_c, 0, 60, 60
5, 72960, Note_on_c, 0, 60, 60
5, 73200, Note_off_c, 0, 60, 60
5, 73440, Note_on_c, 0, 60, 60
5, 73680, Note_off_c, 0, 60, 60
5, 73920, Note_on_c, 0, 60, 60
5, 74160, Note_off_c, 0, 60, 60
5, 74400, Note_on_c, 0, 60, 60
5, 74640, Note_off_c, 0, 60, 60
5, 74880, Note_on_c, 0, 58, 54
5, 75120, Note_off_c, 0, 58, 54
5, 75600, Note_on_c, 0, 58, 54
5, 75840, Note_off_c, 0, 58, 54
5, 76320, Note_on_c, 0, 58, 54
5, 76560, Note_off_c, 0, 58, 54
5, 76800, Note_on_c, 0, 55, 60
5, 77040, Note_off_c, 0, 55, 60
5, 77520, Note_on_c, 0, 55, 60
5, 77760, Note_off_c, 0, 55, 60
5, 78240, Note_on_c, 0, 55, 60
5, 78480, Note_off_c, 0, 55, 60
5, 78960, Note_on_c, 0, 55, 60
5, 79200, Note_off_c, 0, 55, 60
5, 79680, Note_on_c, 0, 55, 60
5, 79920, Note_off_c, 0, 55, 60
5, 80400, Note_on_c, 0, 55, 60
5, 80640, Note_off_c, 0, 55, 60
5, 81120, Note_on_c, 0, 55, 60
5, 81360, Note_off_c, 0, 55, 60
5, 81840, Note_on_c, 0, 55, 60
5, 82080, Note_off_c, 0, 55, 60
5, 82800, Note_on_c, 0, 68, 54
5, 83040, Note_off_c, 0, 68, 54
5, 83520, Note_on_c, 0, 68, 54
5, 83760, Note_off_c, 0, 68, 54
5, 84240, Note_on_c, 0, 68, 54
5, 84480, Note_on_c, 0, 72, 60
5, 84480, Note_off_c, 0, 68, 54
5, 84720, Note_off_c, 0, 72, 60
5, 84960, Note_on_c, 0, 72, 60
5, 85200, Note_off_c, 0, 72, 60
5, 85440, Note_on_c, 0, 72, 60
5, 85680, Note_off_c, 0, 72, 60
5, 85920, Note_on_c, 0, 72, 60
5, 86160, Note_off_c, 0, 72, 60
5, 86400, Note_on_c, 0, 72, 60
5, 86640, Note_off_c, 0, 72, 60
5, 86880, Note_on_c, 0, 72, 60
5, 87120, Note_off_c, 0, 72, 60
5, 87360, Note_on_c, 0, 72, 60
5, 87600, Note_off_c, 0, 72, 60
5, 87840, Note_on_c, 0, 72, 60
5, 88080, Note_off_c, 0, 72, 60
5, 88320, Note_on_c, 0, 72, 60
5, 88560, Note_off_c, 0, 72, 60
5, 88800, Note_on_c, 0, 72, 60
5, 89040, Note_off_c, 0, 72, 60
5, 89280, Note_on_c, 0, 72, 60
5, 89520, Note_off_c, 0, 72, 60
5, 89760, Note_on_c, 0, 72, 60
5, 90000, Note_off_c, 0, 72, 60
5, 90480, Note_on_c, 0, 66, 54
5, 90720, Note_off_c, 0, 66, 54
5, 90960, Note_on_c, 0, 66, 54
5, 91200, Note_off_c, 0, 66, 54
5, 91440, Note_on_c, 0, 66, 54
5, 91680, Note_off_c, 0, 66, 54
5, 91920, Note_on_c, 0, 66, 54
5, 92160, Note_off_c, 0, 66, 54
5, 92160, Note_on_c, 0, 60, 60
5, 92400, Note_off_c, 0, 60, 60
5, 92640, Note_on_c, 0, 60, 60
5, 92880, Note_off_c, 0, 60, 60
5, 93120, Note_on_c, 0, 60, 60
5, 93360, Note_off_c, 0, 60, 60
5, 93600, Note_on_c, 0, 60, 60
5, 93840, Note_off_c, 0, 60, 60
5, 94080, Note_on_c, 0, 60, 60
5, 94320, Note_off_c, 0, 60, 60
5, 94560, Note_on_c, 0, 60, 60
5, 94800, Note_off_c, 0, 60, 60
5, 95040, Note_on_c, 0, 60, 60
5, 95280, Note_off_c, 0, 60, 60
5, 95520, Note_on_c, 0, 60, 60
5, 95760, Note_off_c, 0, 60, 60
5, 96000, Note_on_c, 0, 60, 60
5, 96240, Note_off_c, 0, 60, 60
5, 96480, Note_on_c, 0, 60, 60
5, 96720, Note_off_c, 0, 60, 60
5, 96960, Note_on_c, 0, 60, 60
5, 97200, Note_off_c, 0, 60, 60
5, 97440, Note_on_c, 0, 60, 60
5, 97680, Note_off_c, 0, 60, 60
5, 97920, Note_on_c, 0, 60, 54
5, 98160, Note_off_c, 0, 60, 54
5, 98640, Note_on_c, 0, 60, 54
5, 98880, Note_off_c, 0, 60, 54
5, 99360, Note_on_c, 0, 60, 54
5, 99600, Note_off_c, 0, 60, 54
5, 99840, Note_on_c, 0, 60, 60
5, 100080, Note_off_c, 0, 60, 60
5, 100320, Note_on_c, 0, 60, 60
5, 100560, Note_off_c, 0, 60, 60
5, 100800, Note_on_c, 0, 60, 60
5, 101040, Note_off_c, 0, 60, 60
5, 101280, Note_on_c, 0, 60, 60
5, 101520, Note_off_c, 0, 60, 60
5, 101760, Note_on_c, 0, 60, 60
5, 102000, Note_off_c, 0, 60, 60
5, 102240, Note_on_c, 0, 60, 60
5, 102480, Note_off_c, 0, 60, 60
5, 102720, Note_on_c, 0, 60, 60
5, 102960, Note_off_c, 0, 60, 60
5, 103200, Note_on_c, 0, 60, 60
5, 103440, Note_off_c, 0, 60, 60
5, 103680, Note_on_c, 0, 60, 60
5, 103920, Note_off_c, 0, 60, 60
5, 104160, Note_on_c, 0, 60, 60
5, 104400, Note_off_c, 0, 60, 60
5, 104640, Note_on_c, 0, 60, 60
5, 104880, Note_off_c, 0, 60, 60
5, 105120, Note_on_c, 0, 60, 60
5, 105360, Note_off_c, 0, 60, 60
5, 105600, Note_on_c, 0, 58, 54
5, 105840, Note_off_c, 0, 58, 54
5, 106320, Note_on_c, 0, 58, 54
5, 106560, Note_off_c, 0, 58, 54
5, 107040, Note_on_c, 0, 58, 54
5, 107280, Note_off_c, 0, 58, 54
5, 107520, Note_on_c, 0, 55, 60
5, 107760, Note_off_c, 0, 55, 60
5, 108240, Note_on_c, 0, 55, 60
5, 108480, Note_off_c, 0, 55, 60
5, 108960, Note_on_c, 0, 55, 60
5, 109200, Note_off_c, 0, 55, 60
5, 109680, Note_on_c, 0, 55, 60
5, 109920, Note_off_c, 0, 55, 60
5, 110400, Note_on_c, 0, 55, 60
5, 110640, Note_off_c, 0, 55, 60
5, 111120, Note_on_c, 0, 55, 60
5, 111360, Note_off_c, 0, 55, 60
5, 111840, Note_on_c, 0, 55, 60
5, 112080, Note_off_c, 0, 55, 60
5, 112560, Note_on_c, 0, 55, 60
5, 112800, Note_off_c, 0, 55, 60
5, 113520, Note_on_c, 0, 68, 54
5, 113760, Note_off_c, 0, 68, 54
5, 114240, Note_on_c, 0, 68, 54
5, 114480, Note_off_c, 0, 68, 54
5, 114960, Note_on_c, 0, 68, 54
5, 115200, Note_on_c, 0, 72, 60
5, 115200, Note_off_c, 0, 68, 54
5, 115440, Note_off_c, 0, 72, 60
5, 115680, Note_on_c, 0, 72, 60
5, 115920, Note_off_c, 0, 72, 60
5, 116160, Note_on_c, 0, 72, 60
5, 116400, Note_off_c, 0, 72, 60
5, 116640, Note_on_c, 0, 72, 60
5, 116880, Note_off_c, 0, 72, 60
5, 117120, Note_on_c, 0, 72, 60
5, 117360, Note_off_c, 0, 72, 60
5, 117600, Note_on_c, 0, 72, 60
5, 117840, Note_off_c, 0, 72, 60
5, 118080, Note_on_c, 0, 72, 60
5, 118320, Note_off_c, 0, 72, 60
5, 118560, Note_on_c, 0, 72, 60
5, 118800, Note_off_c, 0, 72, 60
5, 119040, Note_on_c, 0, 72, 60
5, 119280, Note_off_c, 0, 72, 60
5, 119520, Note_on_c, 0, 72, 60
5, 119760, Note_off_c, 0, 72, 60
5, 120000, Note_on_c, 0, 72, 60
5, 120240, Note_off_c, 0, 72, 60
5, 120480, Note_on_c, 0, 72, 60
5, 120720, Note_off_c, 0, 72, 60
5, 121200, Note_on_c, 0, 66, 54
5, 121440, Note_off_c, 0, 66, 54
5, 121680, Note_on_c, 0, 66, 54
5, 121920, Note_off_c, 0, 66, 54
5, 122160, Note_on_c, 0, 66, 54
5, 122400, Note_off_c, 0, 66, 54
5, 122640, Note_on_c, 0, 66, 54
5, 122880, Note_off_c, 0, 66, 54
5, 188160, Note_on_c, 0, 57, 60
5, 188160, Note_on_c, 0, 53, 60
5, 188160, Note_on_c, 0, 48, 60
5, 193920, Note_on_c, 0, 58, 54
5, 193920, Note_off_c, 0, 57, 60
5, 193920, Note_on_c, 0, 54, 54
5, 193920, Note_off_c, 0, 53, 60
5, 193920, Note_off_c, 0, 48, 60
5, 193920, Note_on_c, 0, 48, 54
5, 195840, Note_off_c, 0, 58, 54
5, 195840, Note_on_c, 0, 57, 60
5, 195840, Note_off_c, 0, 54, 54
5, 195840, Note_on_c, 0, 53, 60
5, 195840, Note_off_c, 0, 48, 54
5, 195840, Note_on_c, 0, 48, 60
5, 201600, Note_off_c, 0, 57, 60
5, 201600, Note_on_c, 0, 54, 54
5, 201600, Note_off_c, 0, 53, 60
5, 201600, Note_on_c, 0, 49, 54
5, 201600, Note_off_c, 0, 48, 60
5, 201600, Note_on_c, 0, 46, 54
5, 203520, Note_on_c, 0, 60, 60
5, 203520, Note_off_c, 0, 54, 54
5, 203520, Note_on_c, 0, 53, 60
5, 203520, Note_off_c, 0, 49, 54
5, 203520, Note_on_c, 0, 48, 60
5, 203520, Note_off_c, 0, 46, 54
5, 209280, Note_on_c, 0, 61, 54
5, 209280, Note_off_c, 0, 60, 60
5, 209280, Note_on_c, 0, 56, 54
5, 209280, Note_on_c, 0, 54, 54
5, 209280, Note_off_c, 0, 53, 60
5, 209280, Note_off_c, 0, 48, 60
5, 211200, Note_off_c, 0, 61, 54
5, 211200, Note_on_c, 0, 60, 60
5, 211200, Note_off_c, 0, 56, 54
5, 211200, Note_off_c, 0, 54, 54
5, 211200, Note_on_c, 0, 53, 60
5, 211200, Note_on_c, 0, 48, 60
5, 216960, Note_on_c, 0, 63, 54
5, 216960, Note_off_c, 0, 60, 60
5, 216960, Note_on_c, 0, 54, 54
5, 216960, Note_off_c, 0, 53, 60
5, 216960, Note_off_c, 0, 48, 60
5, 216960, Note_on_c, 0, 44, 54
5, 218880, Note_off_c, 0, 63, 54
5, 218880, Note_off_c, 0, 54, 54
5, 218880, Note_off_c, 0, 44, 54
5, 218881, End_track
6, 0, Start_track
6, 0, Title_t, "mixkit-robotic-insect-buzz-332"
6, 61680, Note_on_c, 0, 53, 60
6, 61920, Note_off_c, 0, 53, 60
6, 62160, Note_on_c, 0, 53, 60
6, 62400, Note_off_c, 0, 53, 60
6, 62640, Note_on_c, 0, 53, 60
6, 62880, Note_off_c, 0, 53, 60
6, 63120, Note_on_c, 0, 53, 60
6, 63360, Note_off_c, 0, 53, 60
6, 63600, Note_on_c, 0, 53, 60
6, 63840, Note_off_c, 0, 53, 60
6, 64080, Note_on_c, 0, 53, 60
6, 64320, Note_off_c, 0, 53, 60
6, 64560, Note_on_c, 0, 53, 60
6, 64800, Note_off_c, 0, 53, 60
6, 65040, Note_on_c, 0, 53, 60
6, 65280, Note_off_c, 0, 53, 60
6, 65520, Note_on_c, 0, 53, 60
6, 65760, Note_off_c, 0, 53, 60
6, 66000, Note_on_c, 0, 53, 60
6, 66240, Note_off_c, 0, 53, 60
6, 66480, Note_on_c, 0, 53, 60
6, 66720, Note_off_c, 0, 53, 60
6, 66960, Note_on_c, 0, 53, 60
6, 67200, Note_off_c, 0, 53, 60
6, 67440, Note_on_c, 0, 58, 54
6, 67680, Note_off_c, 0, 58, 54
6, 68160, Note_on_c, 0, 58, 54
6, 68400, Note_off_c, 0, 58, 54
6, 68880, Note_on_c, 0, 58, 54
6, 69120, Note_off_c, 0, 58, 54
6, 69360, Note_on_c, 0, 53, 60
6, 69600, Note_off_c, 0, 53, 60
6, 69840, Note_on_c, 0, 53, 60
6, 70080, Note_off_c, 0, 53, 60
6, 70320, Note_on_c, 0, 53, 60
6, 70560, Note_off_c, 0, 53, 60
6, 70800, Note_on_c, 0, 53, 60
6, 71040, Note_off_c, 0, 53, 60
6, 71280, Note_on_c, 0, 53, 60
6, 71520, Note_off_c, 0, 53, 60
6, 71760, Note_on_c, 0, 53, 60
6, 72000, Note_off_c, 0, 53, 60
6, 72240, Note_on_c, 0, 53, 60
6, 72480, Note_off_c, 0, 53, 60
6, 72720, Note_on_c, 0, 53, 60
6, 72960, Note_off_c, 0, 53, 60
6, 73200, Note_on_c, 0, 53, 60
6, 73440, Note_off_c, 0, 53, 60
6, 73680, Note_on_c, 0, 53, 60
6, 73920, Note_off_c, 0, 53, 60
6, 74160, Note_on_c, 0, 53, 60
6, 74400, Note_off_c, 0, 53, 60
6, 74640, Note_on_c, 0, 53, 60
6, 74880, Note_off_c, 0, 53, 60
6, 75120, Note_on_c, 0, 49, 54
6, 75360, Note_off_c, 0, 49, 54
6, 75840, Note_on_c, 0, 49, 54
6, 76080, Note_off_c, 0, 49, 54
6, 76560, Note_on_c, 0, 49, 54
6, 76800, Note_off_c, 0, 49, 54
6, 77280, Note_on_c, 0, 65, 60
6, 77520, Note_off_c, 0, 65, 60
6, 78000, Note_on_c, 0, 65, 60
6, 78240, Note_off_c, 0, 65, 60
6, 78720, Note_on_c, 0, 65, 60
6, 78960, Note_off_c, 0, 65, 60
6, 79440, Note_on_c, 0, 65, 60
6, 79680, Note_off_c, 0, 65, 60
6, 80160, Note_on_c, 0, 65, 60
6, 80400, Note_off_c, 0, 65, 60
6, 80880, Note_on_c, 0, 65, 60
6, 81120, Note_off_c, 0, 65, 60
6, 81600, Note_on_c, 0, 65, 60
6, 81840, Note_off_c, 0, 65, 60
6, 82320, Note_on_c, 0, 65, 60
6, 82560, Note_off_c, 0, 65, 60
6, 83040, Note_on_c, 0, 61, 54
6, 83280, Note_off_c, 0, 61, 54
6, 83760, Note_on_c, 0, 61, 54
6, 84000, Note_off_c, 0, 61, 54
6, 84720, Note_on_c, 0, 53, 60
6, 84960, Note_off_c, 0, 53, 60
6, 85200, Note_on_c, 0, 53, 60
6, 85440, Note_off_c, 0, 53, 60
6, 85680, Note_on_c, 0, 53, 60
6, 85920, Note_off_c, 0, 53, 60
6, 86160, Note_on_c, 0, 53, 60
6, 86400, Note_off_c, 0, 53, 60
6, 86640, Note_on_c, 0, 53, 60
6, 86880, Note_off_c, 0, 53, 60
6, 87120, Note_on_c, 0, 53, 60
6, 87360, Note_off_c, 0, 53, 60
6, 87600, Note_on_c, 0, 53, 60
6, 87840, Note_off_c, 0, 53, 60
6, 88080, Note_on_c, 0, 53, 60
6, 88320, Note_off_c, 0, 53, 60
6, 88560, Note_on_c, 0, 53, 60
6, 88800, Note_off_c, 0, 53, 60
6, 89040, Note_on_c, 0, 53, 60
6, 89280, Note_off_c, 0, 53, 60
6, 89520, Note_on_c, 0, 53, 60
6, 89760, Note_off_c, 0, 53, 60
6, 90000, Note_on_c, 0, 53, 60
6, 90240, Note_off_c, 0, 53, 60
6, 90240, Note_on_c, 0, 44, 54
6, 90480, Note_off_c, 0, 44, 54
6, 91200, Note_on_c, 0, 44, 54
6, 91440, Note_off_c, 0, 44, 54
6, 92400, Note_on_c, 0, 53, 60
6, 92640, Note_off_c, 0, 53, 60
6, 92880, Note_on_c, 0, 53, 60
6, 93120, Note_off_c, 0, 53, 60
6, 93360, Note_on_c, 0, 53, 60
6, 93600, Note_off_c, 0, 53, 60
6, 93840, Note_on_c, 0, 53, 60
6, 94080, Note_off_c, 0, 53, 60
6, 94320, Note_on_c, 0, 53, 60
6, 94560, Note_off_c, 0, 53, 60
6, 94800, Note_on_c, 0, 53, 60
6, 95040, Note_off_c, 0, 53, 60
6, 95280, Note_on_c, 0, 53, 60
6, 95520, Note_off_c, 0, 53, 60
6, 95760, Note_on_c, 0, 53, 60
6, 96000, Note_off_c, 0, 53, 60
6, 96240, Note_on_c, 0, 53, 60
6, 96480, Note_off_c, 0, 53, 60
6, 96720, Note_on_c, 0, 53, 60
6, 96960, Note_off_c, 0, 53, 60
6, 97200, Note_on_c, 0, 53, 60
6, 97440, Note_off_c, 0, 53, 60
6, 97680, Note_on_c, 0, 53, 60
6, 97920, Note_off_c, 0, 53, 60
6, 98160, Note_on_c, 0, 58, 54
6, 98400, Note_off_c, 0, 58, 54
6, 98880, Note_on_c, 0, 58, 54
6, 99120, Note_off_c, 0, 58, 54
6, 99600, Note_on_c, 0, 58, 54
6, 99840, Note_off_c, 0, 58, 54
6, 100080, Note_on_c, 0, 53, 60
6, 100320, Note_off_c, 0, 53, 60
6, 100560, Note_on_c, 0, 53, 60
6, 100800, Note_off_c, 0, 53, 60
6, 101040, Note_on_c, 0, 53, 60
6, 101280, Note_off_c, 0, 53, 60
6, 101520, Note_on_c, 0, 53, 60
6, 101760, Note_off_c, 0, 53, 60
6, 102000, Note_on_c, 0, 53, 60
6, 102240, Note_off_c, 0, 53, 60
6, 102480, Note_on_c, 0, 53, 60
6, 102720, Note_off_c, 0, 53, 60
6, 102960, Note_on_c, 0, 53, 60
6, 103200, Note_off_c, 0, 53, 60
6, 103440, Note_on_c, 0, 53, 60
6, 103680, Note_off_c, 0, 53, 60
6, 103920, Note_on_c, 0, 53, 60
6, 104160, Note_off_c, 0, 53, 60
6, 104400, Note_on_c, 0, 53, 60
6, 104640, Note_off_c, 0, 53, 60
6, 104880, Note_on_c, 0, 53, 60
6, 105120, Note_off_c, 0, 53, 60
6, 105360, Note_on_c, 0, 53, 60
6, 105600, Note_off_c, 0, 53, 60
6, 105840, Note_on_c, 0, 49, 54
6, 106080, Note_off_c, 0, 49, 54
6, 106560, Note_on_c, 0, 49, 54
6, 106800, Note_off_c, 0, 49, 54
6, 107280, Note_on_c, 0, 49, 54
6, 107520, Note_off_c, 0, 49, 54
6, 108000, Note_on_c, 0, 65, 60
6, 108240, Note_off_c, 0, 65, 60
6, 108720, Note_on_c, 0, 65, 60
6, 108960, Note_off_c, 0, 65, 60
6, 109440, Note_on_c, 0, 65, 60
6, 109680, Note_off_c, 0, 65, 60
6, 110160, Note_on_c, 0, 65, 60
6, 110400, Note_off_c, 0, 65, 60
6, 110880, Note_on_c, 0, 65, 60
6, 111120, Note_off_c, 0, 65, 60
6, 111600, Note_on_c, 0, 65, 60
6, 111840, Note_off_c, 0, 65, 60
6, 112320, Note_on_c, 0, 65, 60
6, 112560, Note_off_c, 0, 65, 60
6, 113040, Note_on_c, 0, 65, 60
6, 113280, Note_off_c, 0, 65, 60
6, 113760, Note_on_c, 0, 61, 54
6, 114000, Note_off_c, 0, 61, 54
6, 114480, Note_on_c, 0, 61, 54
6, 114720, Note_off_c, 0, 61, 54
6, 115440, Note_on_c, 0, 53, 60
6, 115680, Note_off_c, 0, 53, 60
6, 115920, Note_on_c, 0, 53, 60
6, 116160, Note_off_c, 0, 53, 60
6, 116400, Note_on_c, 0, 53, 60
6, 116640, Note_off_c, 0, 53, 60
6, 116880, Note_on_c, 0, 53, 60
6, 117120, Note_off_c, 0, 53, 60
6, 117360, Note_on_c, 0, 53, 60
6, 117600, Note_off_c, 0, 53, 60
6, 117840, Note_on_c, 0, 53, 60
6, 118080, Note_off_c, 0, 53, 60
6, 118320, Note_on_c, 0, 53, 60
6, 118560, Note_off_c, 0, 53, 60
6, 118800, Note_on_c, 0, 53, 60
6, 119040, Note_off_c, 0, 53, 60
6, 119280, Note_on_c, 0, 53, 60
6, 119520, Note_off_c, 0, 53, 60
6, 119760, Note_on_c, 0, 53, 60
6, 120000, Note_off_c, 0, 53, 60
6, 120240, Note_on_c, 0, 53, 60
6, 120480, Note_off_c, 0, 53, 60
6, 120720, Note_on_c, 0, 53, 60
6, 120960, Note_off_c, 0, 53, 60
6, 120960, Note_on_c, 0, 44, 54
6, 121200, Note_off_c, 0, 44, 54
6, 121920, Note_on_c, 0, 44, 54
6, 122160, Note_off_c, 0, 44, 54
6, 215040, Note_on_c, 0, 48, 60
6, 220800, Note_off_c, 0, 48, 60
6, 220800, Note_on_c, 0, 48, 54
6, 222720, Note_off_c, 0, 48, 54
6, 222720, Note_on_c, 0, 48, 60
6, 228480, Note_off_c, 0, 48, 60
6, 228480, Note_on_c, 0, 46, 54
6, 230400, Note_on_c, 0, 48, 60
6, 230400, Note_off_c, 0, 46, 54
6, 236160, Note_on_c, 0, 61, 54
6, 236160, Note_off_c, 0, 48, 60
6, 238080, Note_off_c, 0, 61, 54
6, 238080, Note_on_c, 0, 48, 60
6, 243840, Note_off_c, 0, 48, 60
6, 243840, Note_on_c, 0, 44, 54
6, 245760, Note_off_c, 0, 44, 54
6, 245760, Note_on_c, 0, 48, 60
6, 251520, Note_off_c, 0, 48, 60
6, 251520, Note_on_c, 0, 48, 54
6, 253440, Note_off_c, 0, 48, 54
6, 253440, Note_on_c, 0, 48, 60
6, 259200, Note_off_c, 0, 48, 60
6, 259200, Note_on_c, 0, 46, 54
6, 261120, Note_on_c, 0, 48, 60
6, 261120, Note_off_c, 0, 46, 54
6, 266880, Note_on_c, 0, 61, 54
6, 266880, Note_off_c, 0, 48, 60
6, 268800, Note_off_c, 0, 61, 54
6, 268800, Note_on_c, 0, 48, 60
6, 274560, Note_off_c, 0, 48, 60
6, 274560, Note_on_c, 0, 44, 54
6, 276480, Note_off_c, 0, 44, 54
6, 276481, End_track
0, 0, End_of_file